date,search_interest,sessions,conversion_rate,revenue,channel
2020-01-01,80.6,18236,0.0348,43537.55,Direct
2020-01-02,79.1,17456,0.0352,40346.21,Organic
2020-01-03,80.6,17679,0.0342,39478.33,Organic
2020-01-04,85.0,18483,0.0272,23088.5,Organic
2020-01-05,82.6,17999,0.0354,45213.97,Organic
2020-01-06,78.6,17818,0.0424,49917.29,Organic
2020-01-07,82.1,17962,0.0332,40805.49,Organic
2020-01-08,80.6,17426,0.0313,32348.75,Paid
2020-01-09,78.2,17522,0.0349,37867.84,Paid
2020-01-10,80.1,17155,0.0353,37370.91,Organic
2020-01-11,81.6,17832,0.0392,51148.97,Paid
2020-01-12,81.6,17775,0.0294,32384.55,Organic
2020-01-13,79.1,17412,0.0367,52183.23,Organic
2020-01-14,74.7,16915,0.0348,40290.72,Paid
2020-01-15,74.7,16214,0.0318,28252.35,Organic
2020-01-16,77.2,17041,0.0345,37609.85,Organic
2020-01-17,75.7,17121,0.0368,37668.71,Organic
2020-01-18,82.1,17911,0.0381,32376.86,Direct
2020-01-19,79.6,17143,0.0293,39076.03,Paid
2020-01-20,74.7,17473,0.0357,44054.98,Organic
2020-01-21,80.1,17266,0.0338,40422.8,Direct
2020-01-22,76.7,17589,0.0333,38846.42,Paid
2020-01-23,76.7,17373,0.0333,31207.65,Paid
2020-01-24,73.8,16591,0.0315,31948.1,Direct
2020-01-25,79.1,18205,0.0385,50278.0,Organic
2020-01-26,80.1,17135,0.0337,32678.01,Organic
2020-01-27,73.3,17158,0.0275,21113.1,Paid
2020-01-28,76.2,17543,0.0313,34693.61,Paid
2020-01-29,74.2,16640,0.033,35070.06,Paid
2020-01-30,74.2,17465,0.0372,42934.97,Paid
2020-01-31,73.3,16691,0.0344,40667.43,Direct
2020-02-01,82.1,17963,0.0312,39287.71,Direct
2020-02-02,78.2,17482,0.0434,50887.39,Direct
2020-02-03,71.8,16561,0.0326,40256.39,Direct
2020-02-04,75.2,17350,0.0377,34567.77,Direct
2020-02-05,70.8,16815,0.0306,35522.05,Organic
2020-02-06,73.3,16091,0.0341,38415.97,Organic
2020-02-07,68.9,16784,0.034,31433.73,Paid
2020-02-08,73.3,16126,0.0369,31523.95,Direct
2020-02-09,76.2,17556,0.0371,38449.47,Paid
2020-02-10,72.8,17183,0.0353,36216.28,Paid
2020-02-11,71.3,16120,0.0301,34463.33,Organic
2020-02-12,70.3,16274,0.0288,28160.7,Organic
2020-02-13,69.8,15938,0.0323,29935.06,Paid
2020-02-14,66.9,15942,0.0338,32387.99,Organic
2020-02-15,72.3,16550,0.0308,37694.79,Organic
2020-02-16,72.3,16985,0.0359,39698.12,Organic
2020-02-17,70.8,17021,0.0371,40140.6,Organic
2020-02-18,68.9,16821,0.027,29121.17,Paid
2020-02-19,64.5,15509,0.026,30378.23,Organic
2020-02-20,68.4,16120,0.0299,28440.49,Paid
2020-02-21,66.4,15296,0.0312,36042.74,Organic
2020-02-22,69.3,15999,0.0287,30619.37,Direct
2020-02-23,71.3,16942,0.0368,39725.14,Organic
2020-02-24,67.9,16791,0.0321,45818.13,Paid
2020-02-25,67.4,15593,0.0304,26808.55,Paid
2020-02-26,63.5,15380,0.0233,22279.05,Organic
2020-02-27,64.0,15665,0.0239,20644.26,Direct
2020-02-28,64.9,15905,0.0306,35343.5,Paid
2020-02-29,69.8,16056,0.0224,28237.73,Organic
2020-03-01,66.4,16139,0.034,42997.83,Organic
2020-03-02,62.5,15310,0.0281,32176.16,Direct
2020-03-03,60.5,15259,0.0411,39772.93,Paid
2020-03-04,60.1,15425,0.0372,35621.02,Organic
2020-03-05,63.5,15619,0.0283,22821.66,Organic
2020-03-06,64.0,15501,0.0288,36288.85,Direct
2020-03-07,64.9,15749,0.0335,36272.88,Paid
2020-03-08,66.4,15934,0.0367,35709.07,Paid
2020-03-09,61.0,15175,0.0218,25017.7,Organic
2020-03-10,58.6,14926,0.0204,17422.3,Paid
2020-03-11,60.1,15845,0.0255,27577.44,Organic
2020-03-12,62.0,15665,0.0309,30794.67,Organic
2020-03-13,58.6,14912,0.0296,30945.96,Paid
2020-03-14,64.9,16072,0.0338,35033.9,Direct
2020-03-15,68.9,16129,0.0259,22304.27,Organic
2020-03-16,71.3,17025,0.0221,24683.9,Paid
2020-03-17,69.3,16469,0.0342,41336.68,Paid
2020-03-18,67.9,16102,0.0271,28261.68,Paid
2020-03-19,68.4,16383,0.0224,26129.26,Direct
2020-03-20,64.0,15047,0.0298,25395.51,Paid
2020-03-21,70.8,16047,0.0344,35765.12,Organic
2020-03-22,71.8,16137,0.031,30016.78,Direct
2020-03-23,69.8,16437,0.0291,33948.93,Paid
2020-03-24,65.4,16545,0.029,31308.2,Direct
2020-03-25,64.5,16627,0.0279,32714.03,Paid
2020-03-26,64.9,16048,0.0241,28504.63,Direct
2020-03-27,67.4,16287,0.0274,31476.3,Organic
2020-03-28,69.3,15601,0.0329,34484.21,Organic
2020-03-29,67.4,15869,0.0315,28499.94,Direct
2020-03-30,65.4,15537,0.0303,30589.63,Organic
2020-03-31,64.5,15486,0.0254,23889.88,Organic
2020-04-01,65.4,15784,0.0289,28394.66,Paid
2020-04-02,62.0,15252,0.0199,18819.05,Direct
2020-04-03,62.5,14708,0.0295,24801.18,Organic
2020-04-04,65.9,16210,0.0355,28393.69,Direct
2020-04-05,63.5,15188,0.0231,20929.48,Paid
2020-04-06,63.0,15654,0.0266,27709.95,Paid
2020-04-07,62.5,16329,0.0301,26646.63,Direct
2020-04-08,61.5,15014,0.0335,32756.09,Organic
2020-04-09,61.0,14311,0.0265,30415.98,Organic
2020-04-10,58.6,14916,0.0248,27072.16,Organic
2020-04-11,64.0,16116,0.0213,26826.04,Paid
2020-04-12,64.0,16459,0.0296,33191.53,Paid
2020-04-13,59.1,14597,0.0359,38956.6,Direct
2020-04-14,60.1,15405,0.0291,26542.21,Paid
2020-04-15,61.0,15137,0.0282,25545.76,Paid
2020-04-16,63.5,15575,0.0303,20333.67,Paid
2020-04-17,60.1,16264,0.028,33921.77,Organic
2020-04-18,64.0,15074,0.0259,30188.02,Organic
2020-04-19,63.0,15660,0.0322,30544.85,Direct
2020-04-20,55.2,14806,0.0275,25638.52,Organic
2020-04-21,59.1,15523,0.0278,25447.49,Organic
2020-04-22,59.1,15128,0.0238,24505.2,Paid
2020-04-23,63.5,15740,0.0343,39950.98,Organic
2020-04-24,58.1,14815,0.0301,22768.29,Direct
2020-04-25,63.0,15666,0.0267,28558.43,Organic
2020-04-26,62.0,15304,0.0326,31324.9,Organic
2020-04-27,56.1,14985,0.0249,24591.71,Organic
2020-04-28,60.5,15117,0.025,25952.85,Paid
2020-04-29,59.6,15298,0.0248,24089.16,Organic
2020-04-30,59.6,15136,0.0208,20202.98,Paid
2020-05-01,56.1,15187,0.0287,27585.58,Direct
2020-05-02,64.5,15714,0.022,25154.59,Direct
2020-05-03,59.1,14379,0.0228,22407.97,Organic
2020-05-04,59.1,15593,0.0194,20196.59,Paid
2020-05-05,62.0,15079,0.0283,23398.94,Paid
2020-05-06,55.7,14416,0.0261,23317.2,Direct
2020-05-07,56.6,14557,0.0257,27007.11,Direct
2020-05-08,58.1,15521,0.0233,23615.61,Organic
2020-05-09,60.5,14410,0.0235,23798.0,Paid
2020-05-10,58.6,16285,0.0294,37886.79,Organic
2020-05-11,58.1,15394,0.0252,28438.61,Organic
2020-05-12,55.7,14767,0.028,27184.09,Organic
2020-05-13,58.6,15008,0.024,21940.05,Paid
2020-05-14,56.1,14851,0.0276,18269.35,Paid
2020-05-15,61.0,15532,0.0335,33120.01,Organic
2020-05-16,60.5,15523,0.0305,29539.54,Paid
2020-05-17,61.5,15604,0.0268,28488.14,Organic
2020-05-18,59.6,15183,0.0289,27981.01,Paid
2020-05-19,55.7,14599,0.0257,23425.98,Organic
2020-05-20,58.6,14969,0.0276,20973.2,Organic
2020-05-21,61.0,15245,0.027,23659.74,Organic
2020-05-22,55.2,15073,0.0259,26864.04,Organic
2020-05-23,63.0,15796,0.0297,36934.2,Paid
2020-05-24,63.0,14382,0.0249,22997.87,Organic
2020-05-25,60.5,15527,0.0241,25304.38,Paid
2020-05-26,56.6,14873,0.0214,23113.6,Organic
2020-05-27,56.6,14788,0.0206,17824.93,Paid
2020-05-28,60.5,15109,0.0233,23915.65,Paid
2020-05-29,60.1,15656,0.0287,26544.49,Organic
2020-05-30,64.0,16055,0.0256,29559.12,Paid
2020-05-31,64.5,15425,0.0314,32069.08,Organic
2020-06-01,58.6,15193,0.0277,28359.81,Paid
2020-06-02,60.5,14876,0.0203,17738.23,Organic
2020-06-03,61.0,14772,0.0309,32251.39,Paid
2020-06-04,59.1,14838,0.031,37569.95,Paid
2020-06-05,64.5,16079,0.0254,23253.33,Direct
2020-06-06,65.4,16233,0.0313,31645.01,Paid
2020-06-07,62.5,15705,0.0253,26563.08,Paid
2020-06-08,62.5,15790,0.0291,32757.55,Organic
2020-06-09,59.6,15354,0.0228,21187.58,Direct
2020-06-10,63.0,15302,0.0217,14057.73,Paid
2020-06-11,64.0,15848,0.0277,33307.68,Organic
2020-06-12,60.5,15585,0.0277,30687.3,Direct
2020-06-13,67.9,16447,0.0288,24184.08,Organic
2020-06-14,67.4,16562,0.0255,25398.75,Direct
2020-06-15,64.5,16018,0.0277,34406.81,Direct
2020-06-16,66.4,16110,0.031,38246.0,Organic
2020-06-17,62.5,15928,0.0286,33030.86,Paid
2020-06-18,62.0,15430,0.0293,28749.47,Organic
2020-06-19,62.0,15088,0.0259,25660.09,Organic
2020-06-20,65.9,15845,0.0345,34959.85,Organic
2020-06-21,67.9,15847,0.0257,30148.38,Paid
2020-06-22,64.9,15523,0.0314,28267.2,Organic
2020-06-23,64.9,15735,0.0342,31509.86,Organic
2020-06-24,66.4,15652,0.0318,36375.46,Paid
2020-06-25,64.9,15670,0.0287,29072.78,Organic
2020-06-26,67.9,15388,0.0283,33108.59,Organic
2020-06-27,68.9,16348,0.0348,33922.93,Organic
2020-06-28,74.7,16967,0.0267,29247.7,Organic
2020-06-29,66.9,15701,0.0262,23703.21,Paid
2020-06-30,64.5,15998,0.0277,28830.5,Organic
2020-07-01,64.0,16051,0.0341,29102.91,Direct
2020-07-02,67.4,15443,0.0317,29910.56,Paid
2020-07-03,66.4,15664,0.0261,21876.5,Organic
2020-07-04,72.3,16366,0.0304,35101.18,Organic
2020-07-05,71.8,16239,0.0291,33425.09,Organic
2020-07-06,66.9,16360,0.0272,22764.86,Paid
2020-07-07,65.9,15833,0.0337,40375.98,Organic
2020-07-08,64.9,15687,0.024,31993.69,Organic
2020-07-09,66.9,15226,0.0365,36328.23,Direct
2020-07-10,69.8,16634,0.0343,34159.22,Organic
2020-07-11,72.8,16236,0.0362,51483.16,Organic
2020-07-12,69.8,16404,0.0291,25991.22,Direct
2020-07-13,68.9,16373,0.0301,32113.05,Paid
2020-07-14,69.8,16924,0.0252,28334.36,Organic
2020-07-15,67.4,15563,0.0281,33131.9,Paid
2020-07-16,69.8,15172,0.0329,33881.86,Organic
2020-07-17,69.8,16453,0.0361,36237.64,Paid
2020-07-18,71.3,17276,0.027,26769.93,Paid
2020-07-19,74.2,17404,0.0308,33376.96,Direct
2020-07-20,71.3,16640,0.0308,29184.78,Direct
2020-07-21,72.3,16477,0.0261,28117.77,Direct
2020-07-22,72.3,16996,0.0341,35055.73,Direct
2020-07-23,67.9,15756,0.0275,22985.04,Paid
2020-07-24,68.9,16453,0.0299,36916.1,Organic
2020-07-25,75.7,17286,0.0309,32592.33,Paid
2020-07-26,76.2,17567,0.0297,28619.99,Paid
2020-07-27,72.3,17777,0.0317,35870.95,Direct
2020-07-28,79.1,17652,0.0329,38066.46,Organic
2020-07-29,72.8,16529,0.0303,25556.42,Direct
2020-07-30,73.8,16839,0.0292,33264.99,Direct
2020-07-31,73.8,16142,0.0334,30527.74,Direct
2020-08-01,77.2,16982,0.0398,53184.08,Direct
2020-08-02,75.2,16862,0.0331,38618.11,Organic
2020-08-03,73.8,16640,0.0361,37123.99,Organic
2020-08-04,70.8,16558,0.0257,25123.35,Organic
2020-08-05,72.3,16344,0.0323,33870.92,Organic
2020-08-06,71.8,17063,0.0271,32323.35,Paid
2020-08-07,72.8,16732,0.0259,28079.94,Direct
2020-08-08,81.6,17785,0.0315,35441.52,Direct
2020-08-09,73.3,16660,0.0367,40027.94,Paid
2020-08-10,74.7,17029,0.0362,37091.25,Organic
2020-08-11,70.3,16769,0.0321,33510.58,Organic
2020-08-12,72.3,16327,0.0256,20193.72,Organic
2020-08-13,75.7,16821,0.0319,39058.28,Organic
2020-08-14,73.8,16728,0.0333,37539.3,Paid
2020-08-15,75.7,16546,0.0334,32501.85,Organic
2020-08-16,76.2,16815,0.0255,34384.02,Organic
2020-08-17,75.2,16835,0.029,32073.84,Organic
2020-08-18,72.8,17082,0.0316,30612.02,Paid
2020-08-19,74.7,17072,0.0346,42443.47,Paid
2020-08-20,74.2,16986,0.0235,27217.23,Paid
2020-08-21,73.3,17131,0.0313,36545.61,Organic
2020-08-22,82.6,17851,0.0353,38812.83,Direct
2020-08-23,79.6,17710,0.0373,45318.61,Organic
2020-08-24,70.8,16456,0.034,35196.12,Paid
2020-08-25,75.2,17132,0.0349,41523.15,Paid
2020-08-26,73.8,16616,0.0289,23895.08,Paid
2020-08-27,76.7,16226,0.0254,25358.59,Direct
2020-08-28,73.3,16737,0.0304,40082.24,Organic
2020-08-29,78.6,18006,0.0376,39852.07,Paid
2020-08-30,80.1,17983,0.0396,42848.17,Organic
2020-08-31,76.7,17588,0.0358,38670.8,Paid
2020-09-01,60.5,15759,0.0299,26048.34,Organic
2020-09-02,62.5,15535,0.0303,22280.49,Organic
2020-09-03,62.5,15578,0.0265,26071.59,Paid
2020-09-04,62.0,15194,0.0281,28215.88,Paid
2020-09-05,70.8,16371,0.0379,40069.34,Organic
2020-09-06,68.4,16450,0.0267,28039.91,Paid
2020-09-07,61.0,15805,0.0348,35940.29,Paid
2020-09-08,65.4,15796,0.0283,32714.64,Organic
2020-09-09,67.9,15965,0.0357,36178.42,Paid
2020-09-10,65.9,15911,0.0241,23163.5,Paid
2020-09-11,61.0,15564,0.0307,29983.35,Paid
2020-09-12,66.9,15450,0.0271,29155.73,Organic
2020-09-13,70.3,15520,0.0254,30076.58,Organic
2020-09-14,63.0,15338,0.0298,27412.85,Paid
2020-09-15,64.9,15305,0.0335,33732.44,Direct
2020-09-16,65.9,15707,0.0264,28075.65,Paid
2020-09-17,62.5,15440,0.0228,20086.73,Organic
2020-09-18,64.5,15553,0.029,29391.08,Paid
2020-09-19,62.0,16022,0.0283,24155.91,Direct
2020-09-20,66.9,16158,0.0323,26537.53,Organic
2020-09-21,64.5,15854,0.0331,35649.53,Direct
2020-09-22,62.5,15748,0.0285,27794.85,Direct
2020-09-23,68.4,15748,0.0379,39761.05,Organic
2020-09-24,62.5,15915,0.0296,30553.02,Direct
2020-09-25,64.5,15704,0.028,25146.6,Organic
2020-09-26,69.3,16589,0.0244,26163.61,Direct
2020-09-27,72.3,16245,0.0306,27407.54,Organic
2020-09-28,63.0,14937,0.0276,31384.53,Organic
2020-09-29,67.9,16472,0.0342,30506.25,Paid
2020-09-30,65.9,16061,0.0316,32194.36,Paid
2020-10-01,64.0,15315,0.0245,21260.51,Organic
2020-10-02,66.9,15680,0.0308,33595.21,Paid
2020-10-03,70.8,16948,0.0339,35821.56,Organic
2020-10-04,69.3,15845,0.0369,35578.2,Organic
2020-10-05,66.9,16685,0.0336,40266.59,Organic
2020-10-06,65.9,15550,0.0328,33272.69,Paid
2020-10-07,66.9,16283,0.0303,34108.56,Organic
2020-10-08,68.4,16072,0.0321,29484.01,Organic
2020-10-09,70.3,16680,0.0361,32372.36,Organic
2020-10-10,68.9,16045,0.0253,26734.16,Organic
2020-10-11,75.7,17019,0.0313,33266.37,Paid
2020-10-12,64.0,15692,0.0261,28673.98,Direct
2020-10-13,67.4,15686,0.0317,32003.13,Organic
2020-10-14,68.9,16559,0.0356,39284.66,Direct
2020-10-15,68.4,15999,0.0281,23383.56,Paid
2020-10-16,66.9,15936,0.0205,26170.16,Paid
2020-10-17,71.8,16217,0.0299,30880.63,Paid
2020-10-18,71.3,15531,0.035,38366.61,Direct
2020-10-19,67.4,16010,0.0324,30247.45,Organic
2020-10-20,70.3,17404,0.0328,38511.95,Paid
2020-10-21,69.8,16694,0.0298,27151.15,Paid
2020-10-22,67.9,16137,0.0252,27903.08,Paid
2020-10-23,71.3,16451,0.0335,34252.61,Direct
2020-10-24,74.2,16917,0.0289,31892.75,Organic
2020-10-25,75.2,17244,0.0413,50268.17,Paid
2020-10-26,71.3,16084,0.0337,29887.4,Paid
2020-10-27,68.4,16650,0.0282,27948.33,Organic
2020-10-28,69.3,16607,0.0284,32382.06,Organic
2020-10-29,72.3,16961,0.0313,43418.37,Paid
2020-10-30,71.8,16790,0.0306,32827.77,Direct
2020-10-31,74.7,16975,0.0369,43676.73,Paid
2020-11-01,75.2,17295,0.0333,36942.17,Direct
2020-11-02,73.8,17086,0.0292,40181.29,Organic
2020-11-03,70.3,16297,0.0387,32179.41,Organic
2020-11-04,72.8,16503,0.032,34725.99,Organic
2020-11-05,71.8,16655,0.0346,29963.17,Organic
2020-11-06,71.8,17234,0.0291,22541.56,Organic
2020-11-07,78.6,16941,0.035,39951.78,Organic
2020-11-08,78.2,16791,0.0347,38522.33,Paid
2020-11-09,74.2,16974,0.0247,26296.4,Paid
2020-11-10,75.7,17105,0.0408,44769.57,Organic
2020-11-11,73.3,16860,0.0371,56161.93,Organic
2020-11-12,74.7,17064,0.0308,33076.61,Organic
2020-11-13,73.3,16702,0.0276,31844.63,Paid
2020-11-14,78.6,18032,0.035,37744.18,Organic
2020-11-15,77.7,16679,0.0336,37750.56,Organic
2020-11-16,74.7,16635,0.0338,35475.5,Direct
2020-11-17,75.7,17043,0.0335,35236.08,Direct
2020-11-18,73.3,16134,0.034,43638.28,Organic
2020-11-19,79.1,17425,0.0395,51220.62,Organic
2020-11-20,73.3,17455,0.0343,39570.89,Organic
2020-11-21,76.7,17210,0.0288,23080.5,Paid
2020-11-22,81.6,17881,0.0399,44313.87,Paid
2020-11-23,77.2,16756,0.0397,57623.57,Organic
2020-11-24,77.2,17014,0.0458,49212.75,Paid
2020-11-25,77.2,17110,0.0287,36252.65,Organic
2020-11-26,76.2,17016,0.0338,44018.71,Organic
2020-11-27,74.7,17480,0.0241,28120.36,Organic
2020-11-28,80.6,17894,0.0364,37950.7,Paid
2020-11-29,79.6,17109,0.0317,24686.66,Organic
2020-11-30,78.6,17535,0.0413,51036.45,Organic
2020-12-01,76.7,17401,0.0299,30427.57,Organic
2020-12-02,75.7,17540,0.026,30285.25,Organic
2020-12-03,76.7,17834,0.0311,30505.85,Paid
2020-12-04,78.6,17030,0.0257,27519.92,Organic
2020-12-05,80.6,17347,0.0372,42119.12,Organic
2020-12-06,80.1,17110,0.0258,29642.01,Paid
2020-12-07,78.6,17343,0.0337,32777.3,Paid
2020-12-08,78.6,17623,0.0253,33250.28,Direct
2020-12-09,77.2,17655,0.0319,33918.3,Paid
2020-12-10,77.7,17289,0.0399,35598.21,Organic
2020-12-11,79.1,17367,0.0352,39202.51,Paid
2020-12-12,79.6,17615,0.0304,34954.5,Paid
2020-12-13,80.1,17278,0.0339,38824.56,Organic
2020-12-14,77.7,18155,0.0334,46022.23,Direct
2020-12-15,78.6,16793,0.0355,37622.17,Organic
2020-12-16,79.6,17628,0.0284,32062.2,Direct
2020-12-17,82.1,18657,0.037,38777.78,Direct
2020-12-18,81.1,17733,0.0235,29822.72,Paid
2020-12-19,83.0,17889,0.0324,38528.84,Direct
2020-12-20,83.0,17822,0.033,36251.96,Paid
2020-12-21,77.7,17247,0.0358,30725.55,Organic
2020-12-22,79.6,18103,0.034,47119.94,Organic
2020-12-23,79.1,16610,0.0281,25754.1,Organic
2020-12-24,80.1,18226,0.0301,33064.16,Organic
2020-12-25,78.2,16808,0.0342,39012.09,Paid
2020-12-26,84.5,18034,0.035,34985.31,Organic
2020-12-27,85.0,18028,0.0332,31753.15,Organic
2020-12-28,79.6,17789,0.032,27328.7,Paid
2020-12-29,80.6,17032,0.037,44596.85,Direct
2020-12-30,81.1,17915,0.0323,35088.75,Organic
2020-12-31,78.6,18246,0.0332,53560.82,Organic
2021-01-01,80.1,17067,0.0427,41572.28,Organic
2021-01-02,83.5,18099,0.0294,30664.68,Paid
2021-01-03,83.5,17759,0.0277,29750.04,Organic
2021-01-04,77.7,17489,0.0364,42617.21,Paid
2021-01-05,79.6,17562,0.0312,33554.61,Organic
2021-01-06,80.1,17356,0.0328,39791.68,Organic
2021-01-07,82.1,18042,0.0315,32491.76,Direct
2021-01-08,81.1,18452,0.0333,33147.98,Organic
2021-01-09,85.0,18123,0.0419,38434.14,Organic
2021-01-10,81.1,18018,0.0375,31899.57,Organic
2021-01-11,80.6,17154,0.0376,39251.18,Paid
2021-01-12,79.1,17113,0.0281,30099.02,Paid
2021-01-13,83.0,18154,0.0303,32975.65,Organic
2021-01-14,76.7,17795,0.0216,28807.62,Organic
2021-01-15,76.7,17344,0.0298,38673.0,Organic
2021-01-16,80.6,17546,0.038,41552.79,Paid
2021-01-17,77.7,17319,0.0354,31052.3,Paid
2021-01-18,76.7,16702,0.0321,32418.08,Paid
2021-01-19,76.2,17385,0.0328,34328.54,Paid
2021-01-20,77.7,17672,0.0305,32201.2,Organic
2021-01-21,77.7,17138,0.0341,34724.37,Organic
2021-01-22,80.6,17483,0.0372,38873.97,Organic
2021-01-23,82.6,18012,0.0283,31556.79,Organic
2021-01-24,79.1,17320,0.0349,36217.11,Organic
2021-01-25,74.7,16940,0.0361,40768.88,Paid
2021-01-26,77.2,18100,0.0315,38703.46,Paid
2021-01-27,73.3,16692,0.0348,33525.49,Direct
2021-01-28,79.1,17352,0.045,58694.59,Organic
2021-01-29,77.7,17060,0.0329,32082.14,Paid
2021-01-30,78.2,17675,0.035,32204.13,Direct
2021-01-31,75.2,16953,0.0296,34146.19,Paid
2021-02-01,77.2,17001,0.0339,33692.9,Organic
2021-02-02,73.8,17378,0.034,39924.07,Organic
2021-02-03,76.2,17711,0.0336,27237.64,Organic
2021-02-04,70.3,16198,0.027,33299.37,Organic
2021-02-05,71.8,15868,0.0324,36183.14,Paid
2021-02-06,76.7,17605,0.0389,36293.62,Organic
2021-02-07,76.7,16928,0.0348,31322.02,Organic
2021-02-08,71.3,16872,0.0352,46548.33,Paid
2021-02-09,72.8,15944,0.0309,29117.25,Paid
2021-02-10,69.3,16678,0.0338,32879.62,Paid
2021-02-11,70.8,16013,0.0324,24317.97,Paid
2021-02-12,70.8,16790,0.0274,28612.0,Organic
2021-02-13,75.2,17031,0.0338,36368.42,Organic
2021-02-14,75.2,16644,0.0286,33665.9,Organic
2021-02-15,67.4,15924,0.0277,23734.15,Paid
2021-02-16,66.4,16244,0.0307,26349.68,Direct
2021-02-17,71.3,16598,0.0326,37123.27,Organic
2021-02-18,68.9,16496,0.0259,31211.99,Paid
2021-02-19,66.4,16760,0.0341,29965.03,Organic
2021-02-20,74.7,16341,0.0347,41763.16,Paid
2021-02-21,71.3,17203,0.0286,32128.14,Organic
2021-02-22,69.3,16363,0.0247,29800.96,Organic
2021-02-23,66.4,15610,0.0293,29472.31,Direct
2021-02-24,69.8,15848,0.0292,20741.8,Paid
2021-02-25,68.9,16187,0.0311,32110.0,Paid
2021-02-26,64.5,16103,0.0279,33013.15,Organic
2021-02-27,70.3,16388,0.0231,21899.87,Organic
2021-02-28,69.3,16926,0.0293,30696.33,Organic
2021-03-01,66.4,15389,0.0287,28085.84,Direct
2021-03-02,61.5,15377,0.031,19927.37,Direct
2021-03-03,64.5,15233,0.0265,31636.29,Organic
2021-03-04,64.9,15938,0.0362,33341.68,Organic
2021-03-05,58.6,15385,0.0199,21139.19,Direct
2021-03-06,63.5,15449,0.0343,34076.0,Organic
2021-03-07,61.5,14340,0.0276,29707.92,Paid
2021-03-08,60.5,15344,0.0316,33091.65,Organic
2021-03-09,62.0,15615,0.0289,28484.66,Paid
2021-03-10,63.0,15720,0.0335,30465.96,Paid
2021-03-11,60.1,15700,0.0265,29698.82,Direct
2021-03-12,62.5,15071,0.0244,18391.21,Paid
2021-03-13,60.1,15478,0.0337,36599.77,Organic
2021-03-14,59.1,15566,0.0273,23885.54,Paid
2021-03-15,58.1,14260,0.0283,30274.22,Direct
2021-03-16,58.6,15158,0.0325,32656.97,Organic
2021-03-17,57.1,14652,0.023,23641.28,Organic
2021-03-18,52.7,14293,0.0282,26463.44,Organic
2021-03-19,56.1,14876,0.0245,18580.63,Paid
2021-03-20,57.6,14718,0.0268,22922.69,Organic
2021-03-21,61.0,15053,0.0286,30299.32,Paid
2021-03-22,56.1,14750,0.0208,20351.04,Organic
2021-03-23,53.2,13949,0.0228,23677.21,Direct
2021-03-24,53.7,14009,0.0315,30107.09,Organic
2021-03-25,52.2,14539,0.0292,24311.8,Organic
2021-03-26,53.7,13983,0.0259,21233.96,Paid
2021-03-27,59.1,15355,0.0287,29007.59,Paid
2021-03-28,55.2,14804,0.0254,17480.36,Organic
2021-03-29,53.7,13753,0.0315,33959.01,Organic
2021-03-30,51.2,13878,0.0246,23397.42,Organic
2021-03-31,50.8,14568,0.0262,28556.0,Paid
2021-04-01,51.7,13816,0.0301,21772.5,Paid
2021-04-02,49.3,13729,0.0217,22330.99,Paid
2021-04-03,54.2,14686,0.0325,39544.84,Paid
2021-04-04,52.2,14580,0.0195,15475.84,Paid
2021-04-05,54.2,14401,0.0328,33617.92,Organic
2021-04-06,50.3,13793,0.0236,21161.35,Direct
2021-04-07,48.8,14425,0.0237,17997.72,Direct
2021-04-08,50.3,14728,0.0175,17769.39,Organic
2021-04-09,49.3,14306,0.023,23581.77,Organic
2021-04-10,52.7,14360,0.0217,18756.23,Organic
2021-04-11,54.2,14178,0.0238,25080.75,Organic
2021-04-12,50.3,13700,0.0245,17341.66,Paid
2021-04-13,47.3,13889,0.028,20627.59,Paid
2021-04-14,47.3,13847,0.025,22879.67,Paid
2021-04-15,47.3,14241,0.0254,23585.35,Paid
2021-04-16,43.4,13471,0.0186,14850.08,Paid
2021-04-17,48.8,13255,0.0211,19990.65,Paid
2021-04-18,54.2,14922,0.0335,34615.75,Organic
2021-04-19,50.3,13633,0.0221,21652.19,Organic
2021-04-20,46.4,13409,0.0305,26180.47,Paid
2021-04-21,47.8,13839,0.0234,22610.2,Organic
2021-04-22,47.3,14478,0.0242,21524.76,Organic
2021-04-23,52.7,15570,0.0301,38163.0,Direct
2021-04-24,52.7,14568,0.0309,26333.68,Paid
2021-04-25,49.8,13900,0.0245,27871.42,Organic
2021-04-26,44.4,13542,0.0218,19271.41,Paid
2021-04-27,42.9,13507,0.0227,16555.63,Paid
2021-04-28,46.4,13434,0.0253,25812.08,Organic
2021-04-29,44.4,14046,0.0269,24939.99,Organic
2021-04-30,42.9,13244,0.0229,21778.78,Direct
2021-05-01,48.3,13996,0.027,28262.86,Organic
2021-05-02,47.3,13946,0.0308,29081.21,Organic
2021-05-03,48.8,14025,0.0262,22143.6,Paid
2021-05-04,47.3,14016,0.0254,25919.3,Paid
2021-05-05,45.4,13198,0.0175,15014.12,Organic
2021-05-06,48.3,13574,0.014,13395.04,Organic
2021-05-07,45.9,13064,0.0253,15788.95,Organic
2021-05-08,47.8,13914,0.024,22899.95,Direct
2021-05-09,52.2,14578,0.0236,20605.06,Organic
2021-05-10,46.4,13746,0.0249,26775.0,Paid
2021-05-11,43.4,13880,0.0228,22147.64,Direct
2021-05-12,45.4,13443,0.0281,25278.49,Organic
2021-05-13,43.9,13537,0.0235,21915.41,Direct
2021-05-14,42.9,12715,0.0199,14425.78,Direct
2021-05-15,51.2,13995,0.0293,31978.45,Direct
2021-05-16,53.2,14662,0.0251,29783.91,Organic
2021-05-17,42.9,13491,0.025,22983.03,Paid
2021-05-18,46.8,13504,0.0221,23195.6,Paid
2021-05-19,44.9,13358,0.0209,16875.67,Direct
2021-05-20,44.9,12779,0.0238,17829.64,Organic
2021-05-21,44.9,13244,0.0235,20332.11,Paid
2021-05-22,48.3,14153,0.0264,25586.64,Organic
2021-05-23,50.3,14262,0.024,21169.86,Organic
2021-05-24,44.9,13587,0.0161,15159.89,Organic
2021-05-25,46.8,13641,0.0223,20518.24,Paid
2021-05-26,46.4,13565,0.0271,20958.84,Paid
2021-05-27,46.4,13298,0.0227,20874.04,Paid
2021-05-28,45.4,13725,0.0226,22304.85,Direct
2021-05-29,49.8,14142,0.0289,27126.39,Organic
2021-05-30,52.7,14522,0.023,24790.32,Paid
2021-05-31,48.3,13587,0.0183,13740.15,Organic
2021-06-01,45.9,12643,0.0231,20076.8,Organic
2021-06-02,47.8,14177,0.0224,17668.59,Paid
2021-06-03,49.3,13723,0.0209,16086.45,Direct
2021-06-04,44.9,13041,0.0228,17825.98,Paid
2021-06-05,53.2,14662,0.0279,23506.59,Paid
2021-06-06,51.2,13993,0.0253,21459.46,Organic
2021-06-07,49.8,14397,0.0262,23871.87,Organic
2021-06-08,47.3,13927,0.0315,31453.61,Paid
2021-06-09,45.4,13719,0.0222,19014.01,Organic
2021-06-10,45.9,12957,0.0249,16878.35,Organic
2021-06-11,49.3,14399,0.0228,24333.57,Paid
2021-06-12,54.2,14606,0.0229,19501.13,Organic
2021-06-13,51.7,14060,0.0232,21049.25,Organic
2021-06-14,51.2,14207,0.0235,22893.85,Paid
2021-06-15,46.8,12911,0.0255,21925.73,Paid
2021-06-16,50.3,14196,0.0345,36121.63,Direct
2021-06-17,48.3,13386,0.0216,19901.93,Paid
2021-06-18,49.8,13432,0.0233,18186.28,Organic
2021-06-19,55.2,14010,0.0263,30371.85,Direct
2021-06-20,53.7,14888,0.0277,27446.99,Paid
2021-06-21,50.8,13839,0.0263,23228.76,Organic
2021-06-22,53.7,15056,0.0312,34155.98,Organic
2021-06-23,50.8,13876,0.0155,14409.28,Paid
2021-06-24,53.7,13760,0.0166,15576.56,Paid
2021-06-25,50.3,13585,0.0231,26654.53,Paid
2021-06-26,57.6,15407,0.0317,30671.16,Paid
2021-06-27,59.6,15085,0.0216,20351.04,Paid
2021-06-28,48.3,13578,0.0125,11190.42,Direct
2021-06-29,51.7,14272,0.0278,29190.6,Paid
2021-06-30,54.7,14761,0.0274,21414.78,Organic
2021-07-01,53.2,14831,0.0216,15785.4,Direct
2021-07-02,54.7,15140,0.0225,20542.24,Organic
2021-07-03,57.1,14710,0.0233,17798.17,Paid
2021-07-04,58.6,14500,0.028,25010.15,Direct
2021-07-05,54.2,14336,0.0238,23549.4,Paid
2021-07-06,57.1,14958,0.0291,25191.27,Paid
2021-07-07,55.7,14292,0.0153,11717.39,Paid
2021-07-08,56.1,14354,0.0234,22018.75,Organic
2021-07-09,54.7,14698,0.0219,23143.73,Organic
2021-07-10,58.6,15010,0.0266,20538.33,Paid
2021-07-11,59.1,15102,0.0256,27666.62,Paid
2021-07-12,56.6,14492,0.0302,31309.4,Paid
2021-07-13,55.7,14586,0.0193,20446.81,Organic
2021-07-14,57.1,14484,0.0273,29556.28,Paid
2021-07-15,60.5,15621,0.0304,39232.61,Paid
2021-07-16,58.6,15444,0.035,33595.24,Paid
2021-07-17,60.5,14526,0.0262,25071.39,Paid
2021-07-18,63.5,15245,0.0303,28486.13,Paid
2021-07-19,56.6,14197,0.0198,18275.98,Paid
2021-07-20,53.7,14183,0.0165,18081.05,Organic
2021-07-21,55.7,14644,0.0301,23908.09,Direct
2021-07-22,54.2,13922,0.0262,21196.58,Organic
2021-07-23,57.6,14544,0.032,35379.13,Direct
2021-07-24,62.5,15098,0.0233,25736.58,Organic
2021-07-25,65.9,15993,0.0319,31679.4,Organic
2021-07-26,59.6,15175,0.0353,38480.51,Direct
2021-07-27,58.6,14741,0.0293,29253.23,Organic
2021-07-28,60.5,15335,0.0293,34598.28,Paid
2021-07-29,54.7,14342,0.0264,24836.56,Direct
2021-07-30,59.6,15039,0.0216,23780.11,Direct
2021-07-31,64.9,16462,0.0349,49487.24,Direct
2021-08-01,60.5,15801,0.0257,28338.61,Organic
2021-08-02,62.0,14921,0.0306,29858.05,Paid
2021-08-03,60.5,15597,0.0219,24176.48,Organic
2021-08-04,59.1,15413,0.023,22006.5,Organic
2021-08-05,61.5,14923,0.0342,42923.74,Direct
2021-08-06,64.9,16120,0.0281,30095.72,Organic
2021-08-07,64.9,16408,0.0353,36383.49,Paid
2021-08-08,64.9,15344,0.0292,26127.5,Paid
2021-08-09,59.6,14780,0.0205,22353.92,Paid
2021-08-10,59.1,15496,0.0313,34891.47,Direct
2021-08-11,62.5,15608,0.0264,25143.84,Organic
2021-08-12,59.6,15368,0.0307,32842.59,Paid
2021-08-13,61.5,15518,0.0286,23491.81,Direct
2021-08-14,64.5,15891,0.0232,24509.17,Paid
2021-08-15,66.4,15438,0.0306,32417.25,Organic
2021-08-16,62.0,15860,0.0374,46657.47,Paid
2021-08-17,63.5,16085,0.031,29336.42,Organic
2021-08-18,60.5,15173,0.0279,23186.95,Organic
2021-08-19,61.5,15365,0.0328,29148.02,Direct
2021-08-20,60.1,14594,0.0289,22905.07,Paid
2021-08-21,64.9,15999,0.0303,36693.8,Direct
2021-08-22,66.9,16257,0.0257,32333.55,Direct
2021-08-23,63.5,15592,0.03,31602.68,Paid
2021-08-24,60.5,15714,0.0323,37950.61,Organic
2021-08-25,64.0,15542,0.0258,26493.65,Organic
2021-08-26,64.9,16019,0.0352,36222.43,Organic
2021-08-27,63.5,15209,0.0287,27209.43,Direct
2021-08-28,70.3,16429,0.0275,28244.97,Organic
2021-08-29,64.9,15723,0.0335,27714.76,Organic
2021-08-30,60.5,15355,0.027,27824.47,Paid
2021-08-31,59.6,15000,0.0309,29977.94,Organic
2021-09-01,65.9,15858,0.0286,32184.42,Organic
2021-09-02,64.5,16065,0.0291,30736.72,Paid
2021-09-03,63.0,15383,0.0309,30278.05,Organic
2021-09-04,67.9,15503,0.0315,28338.85,Organic
2021-09-05,64.9,16493,0.0215,23253.65,Organic
2021-09-06,68.4,16756,0.026,30890.58,Paid
2021-09-07,64.0,15159,0.0329,27855.77,Paid
2021-09-08,64.0,15951,0.0287,30076.95,Organic
2021-09-09,64.9,15592,0.0274,28565.84,Paid
2021-09-10,64.9,15898,0.024,22609.05,Organic
2021-09-11,68.4,16322,0.0262,25785.26,Direct
2021-09-12,66.4,15875,0.0218,23133.34,Organic
2021-09-13,64.9,15479,0.0291,25194.23,Paid
2021-09-14,67.9,15869,0.028,30125.44,Direct
2021-09-15,66.9,15661,0.0262,23731.64,Direct
2021-09-16,67.4,15754,0.0299,34623.11,Organic
2021-09-17,63.5,15590,0.0305,39800.18,Organic
2021-09-18,66.4,15683,0.0383,34906.66,Paid
2021-09-19,68.4,16477,0.0245,27964.84,Organic
2021-09-20,64.9,16388,0.0341,33075.0,Direct
2021-09-21,66.9,15796,0.034,39381.63,Paid
2021-09-22,61.5,15478,0.0253,21489.84,Paid
2021-09-23,67.9,16345,0.0312,35108.32,Organic
2021-09-24,64.9,15982,0.0277,25683.8,Paid
2021-09-25,68.4,16234,0.0313,32186.68,Paid
2021-09-26,67.4,16384,0.0363,33752.52,Direct
2021-09-27,62.0,15634,0.031,34690.95,Organic
2021-09-28,66.9,15533,0.0321,29070.99,Organic
2021-09-29,65.9,16258,0.0281,31712.56,Organic
2021-09-30,63.5,15972,0.0231,22966.31,Organic
2021-10-01,63.5,15312,0.0282,27671.46,Paid
2021-10-02,69.3,16336,0.0356,38488.94,Direct
2021-10-03,73.3,17064,0.0259,26033.69,Organic
2021-10-04,65.9,15827,0.0256,27018.01,Direct
2021-10-05,63.5,16046,0.0295,36563.36,Organic
2021-10-06,65.9,16856,0.0258,25560.46,Organic
2021-10-07,65.9,15596,0.0266,30854.52,Organic
2021-10-08,61.5,14830,0.0268,30597.14,Organic
2021-10-09,70.8,16619,0.0258,25070.52,Direct
2021-10-10,70.3,16727,0.0272,24277.24,Organic
2021-10-11,68.9,16170,0.0335,36518.74,Paid
2021-10-12,70.8,17079,0.026,26918.88,Paid
2021-10-13,69.8,15844,0.0246,31161.05,Direct
2021-10-14,67.4,16364,0.0277,29589.6,Organic
2021-10-15,65.9,15668,0.0327,30014.32,Organic
2021-10-16,77.2,17948,0.0324,32461.76,Organic
2021-10-17,72.3,17470,0.0298,38378.68,Organic
2021-10-18,68.4,15897,0.0307,29492.39,Organic
2021-10-19,68.4,15984,0.0235,24547.27,Direct
2021-10-20,69.3,16665,0.0328,39709.41,Paid
2021-10-21,68.9,16108,0.0322,31704.65,Paid
2021-10-22,67.9,16127,0.0287,29914.86,Paid
2021-10-23,72.3,16684,0.0357,38636.27,Organic
2021-10-24,73.3,16023,0.0275,31049.87,Organic
2021-10-25,68.4,16198,0.035,39529.74,Direct
2021-10-26,68.4,15928,0.0311,31326.17,Direct
2021-10-27,70.3,16241,0.0298,31705.26,Direct
2021-10-28,69.8,16957,0.0309,32499.72,Direct
2021-10-29,73.3,16288,0.0315,27284.71,Organic
2021-10-30,69.3,16647,0.0357,39854.1,Organic
2021-10-31,76.7,17090,0.0287,39306.1,Organic
2021-11-01,73.3,16679,0.0289,27923.72,Organic
2021-11-02,66.9,16344,0.0342,32875.94,Organic
2021-11-03,70.8,16633,0.0289,27896.66,Paid
2021-11-04,70.8,16726,0.0348,41208.29,Paid
2021-11-05,68.9,16650,0.0375,42824.56,Direct
2021-11-06,74.2,16776,0.0307,32823.3,Paid
2021-11-07,73.8,16605,0.0349,33412.4,Direct
2021-11-08,75.7,16650,0.0281,30756.98,Organic
2021-11-09,74.2,16578,0.0353,30713.24,Organic
2021-11-10,75.2,18205,0.0334,40220.74,Paid
2021-11-11,74.2,17406,0.0342,42843.98,Organic
2021-11-12,70.8,15957,0.0287,25183.73,Organic
2021-11-13,76.2,16614,0.0262,22956.96,Organic
2021-11-14,78.6,17629,0.0356,48723.45,Organic
2021-11-15,71.3,16775,0.0231,23291.2,Paid
2021-11-16,75.7,17304,0.0314,40255.16,Organic
2021-11-17,73.8,16748,0.0359,38340.73,Paid
2021-11-18,73.8,16799,0.0329,35208.58,Paid
2021-11-19,76.2,17274,0.0407,48164.18,Organic
2021-11-20,79.6,17588,0.038,38715.84,Organic
2021-11-21,78.2,16490,0.0308,33551.33,Organic
2021-11-22,77.7,17227,0.0334,35643.8,Organic
2021-11-23,73.3,16450,0.0318,28476.04,Paid
2021-11-24,76.7,17272,0.0267,31220.63,Paid
2021-11-25,77.2,18454,0.0294,34122.74,Paid
2021-11-26,75.7,17231,0.0305,33500.27,Organic
2021-11-27,80.6,17546,0.026,25236.18,Paid
2021-11-28,78.2,17746,0.0336,46348.44,Paid
2021-11-29,78.6,17630,0.0326,41389.02,Paid
2021-11-30,76.7,17370,0.0263,33217.67,Paid
2021-12-01,76.2,17386,0.0345,37522.42,Paid
2021-12-02,79.1,18318,0.0366,34304.03,Paid
2021-12-03,75.7,16632,0.0336,45055.16,Paid
2021-12-04,78.6,17626,0.0323,36727.51,Organic
2021-12-05,78.6,17066,0.036,36254.08,Paid
2021-12-06,79.1,17717,0.0365,44189.85,Organic
2021-12-07,75.2,16658,0.0338,41854.72,Organic
2021-12-08,81.6,17622,0.0312,35636.03,Direct
2021-12-09,74.2,16790,0.0334,42187.15,Direct
2021-12-10,81.6,18179,0.0393,52628.12,Organic
2021-12-11,82.6,18273,0.0324,33384.81,Organic
2021-12-12,82.1,17349,0.043,44469.24,Organic
2021-12-13,77.7,17341,0.0312,39312.07,Paid
2021-12-14,79.6,17270,0.034,25424.37,Direct
2021-12-15,78.6,16933,0.0309,33384.33,Direct
2021-12-16,81.1,17643,0.0352,33258.43,Paid
2021-12-17,79.1,17372,0.0268,28487.07,Organic
2021-12-18,83.5,18994,0.0329,39124.8,Paid
2021-12-19,82.6,18079,0.0304,34148.97,Organic
2021-12-20,79.1,16944,0.0343,35208.95,Direct
2021-12-21,80.1,17387,0.038,37146.77,Direct
2021-12-22,76.2,17552,0.0354,51779.62,Paid
2021-12-23,76.7,18037,0.0235,33884.0,Organic
2021-12-24,81.1,17096,0.0425,40473.03,Organic
2021-12-25,84.0,17330,0.0364,48986.93,Organic
2021-12-26,83.0,18713,0.0318,36778.08,Direct
2021-12-27,79.6,17710,0.0345,40346.14,Paid
2021-12-28,80.1,17265,0.0347,38637.95,Organic
2021-12-29,78.6,17650,0.0309,32571.49,Paid
2021-12-30,78.2,16323,0.0342,40679.89,Direct
2021-12-31,80.1,17614,0.0316,36739.71,Organic
2022-01-01,81.6,17920,0.0329,36074.24,Direct
2022-01-02,84.0,18452,0.0325,32721.06,Direct
2022-01-03,76.2,16737,0.0271,26239.74,Direct
2022-01-04,81.6,17823,0.0351,32448.56,Organic
2022-01-05,80.1,17242,0.0364,40855.94,Organic
2022-01-06,79.6,17656,0.0359,35132.22,Organic
2022-01-07,81.1,17372,0.0376,41069.48,Organic
2022-01-08,85.0,18036,0.0368,50417.08,Organic
2022-01-09,85.0,17801,0.0334,44350.35,Paid
2022-01-10,75.2,17286,0.0359,40176.64,Paid
2022-01-11,76.2,17486,0.0274,30808.78,Direct
2022-01-12,77.7,17225,0.0297,40946.55,Organic
2022-01-13,78.6,17452,0.0297,35850.45,Paid
2022-01-14,79.6,16974,0.0382,40446.03,Paid
2022-01-15,80.6,17551,0.038,35742.44,Paid
2022-01-16,82.6,17886,0.0367,44735.41,Direct
2022-01-17,76.2,18191,0.0371,48345.19,Paid
2022-01-18,76.7,16757,0.0295,29633.59,Direct
2022-01-19,74.7,17553,0.0338,39946.09,Organic
2022-01-20,75.7,17483,0.0322,34954.52,Paid
2022-01-21,74.7,17079,0.0358,38842.65,Organic
2022-01-22,79.1,18199,0.0333,27330.24,Organic
2022-01-23,82.6,18055,0.0332,37899.16,Organic
2022-01-24,74.7,17123,0.0346,43104.09,Organic
2022-01-25,81.6,17767,0.038,40474.18,Organic
2022-01-26,77.2,17750,0.0305,35416.87,Organic
2022-01-27,76.2,17582,0.0326,33789.93,Organic
2022-01-28,73.8,16599,0.0279,31437.69,Direct
2022-01-29,80.6,17144,0.0242,26248.85,Organic
2022-01-30,77.7,17238,0.0341,33791.22,Paid
2022-01-31,74.7,16647,0.0349,43957.21,Organic
2022-02-01,79.1,17470,0.0348,44035.14,Direct
2022-02-02,73.8,17344,0.0243,25355.3,Direct
2022-02-03,76.2,16960,0.0315,36853.11,Paid
2022-02-04,72.3,16656,0.0228,26316.88,Paid
2022-02-05,77.2,17284,0.0386,46793.71,Organic
2022-02-06,80.1,17952,0.0297,27429.67,Direct
2022-02-07,71.3,15657,0.0364,41633.9,Direct
2022-02-08,75.7,16842,0.0365,37155.94,Direct
2022-02-09,73.3,16875,0.0284,29779.34,Paid
2022-02-10,70.3,16919,0.0266,38750.28,Organic
2022-02-11,72.3,16477,0.0331,36767.37,Direct
2022-02-12,76.7,16451,0.0296,30146.77,Organic
2022-02-13,75.2,17273,0.033,26994.28,Paid
2022-02-14,66.9,15774,0.0281,33739.31,Organic
2022-02-15,68.4,15728,0.0234,19961.61,Direct
2022-02-16,68.9,16013,0.0217,19796.92,Organic
2022-02-17,68.9,16189,0.0316,31896.12,Organic
2022-02-18,69.8,16138,0.0287,35353.65,Paid
2022-02-19,72.3,15791,0.0295,33160.86,Paid
2022-02-20,68.9,16621,0.0334,35383.21,Paid
2022-02-21,67.9,16655,0.0351,39440.18,Organic
2022-02-22,67.9,16406,0.0293,28936.4,Organic
2022-02-23,67.4,15631,0.0289,29867.53,Paid
2022-02-24,67.9,16065,0.0324,34138.27,Direct
2022-02-25,67.4,16084,0.0248,29018.82,Direct
2022-02-26,69.8,16619,0.0318,38440.58,Paid
2022-02-27,68.4,16471,0.0327,37137.57,Direct
2022-02-28,61.0,15030,0.031,28934.82,Organic
2022-03-01,64.9,15826,0.0217,24360.65,Paid
2022-03-02,64.0,15858,0.0261,26598.58,Paid
2022-03-03,63.5,16199,0.0255,23274.55,Organic
2022-03-04,60.1,15488,0.0284,27171.73,Paid
2022-03-05,64.0,15991,0.0311,32662.1,Paid
2022-03-06,67.9,16179,0.0364,42567.84,Organic
2022-03-07,61.5,15946,0.0265,26846.56,Organic
2022-03-08,62.5,15663,0.0268,23224.28,Organic
2022-03-09,60.5,14920,0.0328,32031.58,Paid
2022-03-10,60.1,15767,0.0292,30343.64,Organic
2022-03-11,61.5,15661,0.0335,34881.82,Organic
2022-03-12,62.0,15264,0.0298,32913.72,Paid
2022-03-13,63.0,15366,0.0243,27314.27,Paid
2022-03-14,57.6,15031,0.022,19922.37,Paid
2022-03-15,57.1,15039,0.0209,18881.18,Paid
2022-03-16,57.1,14933,0.0298,25222.09,Direct
2022-03-17,57.6,15037,0.032,33967.03,Direct
2022-03-18,56.1,15416,0.0342,40380.63,Direct
2022-03-19,63.0,15987,0.0323,32263.09,Paid
2022-03-20,58.1,15047,0.0321,30462.66,Organic
2022-03-21,55.2,14996,0.0242,27847.11,Direct
2022-03-22,54.7,14147,0.0218,21293.63,Organic
2022-03-23,57.6,15072,0.0307,31690.98,Organic
2022-03-24,55.2,15343,0.0282,24001.5,Organic
2022-03-25,56.1,14649,0.0273,28166.13,Organic
2022-03-26,54.7,14221,0.028,22922.45,Direct
2022-03-27,58.1,14710,0.0287,23611.45,Paid
2022-03-28,54.7,14125,0.0315,27686.6,Paid
2022-03-29,52.7,14012,0.031,26198.56,Paid
2022-03-30,54.7,14412,0.0286,26061.19,Paid
2022-03-31,51.2,13587,0.0288,20923.95,Organic
2022-04-01,54.7,14567,0.0285,30169.86,Paid
2022-04-02,60.1,15567,0.0262,30190.06,Paid
2022-04-03,54.2,14139,0.0293,20473.88,Organic
2022-04-04,49.8,14581,0.0194,20600.86,Paid
2022-04-05,53.2,14589,0.0302,25781.33,Organic
2022-04-06,53.2,14797,0.0212,22540.91,Organic
2022-04-07,48.8,13593,0.0258,22603.43,Organic
2022-04-08,48.8,14198,0.0213,19726.75,Organic
2022-04-09,52.7,13889,0.028,24702.12,Direct
2022-04-10,50.3,14388,0.0249,26761.05,Direct
2022-04-11,47.3,13749,0.0178,13480.66,Organic
2022-04-12,46.8,13843,0.0257,24854.72,Paid
2022-04-13,46.8,13151,0.0217,21063.84,Paid
2022-04-14,48.3,13439,0.028,26615.4,Organic
2022-04-15,48.3,14036,0.0245,28747.71,Organic
2022-04-16,54.7,14181,0.028,24129.2,Direct
2022-04-17,49.8,14159,0.0211,21707.06,Paid
2022-04-18,49.3,13368,0.0224,19209.66,Direct
2022-04-19,46.8,13961,0.0222,23203.92,Organic
2022-04-20,46.8,13128,0.0275,23444.09,Paid
2022-04-21,48.3,14018,0.0312,27071.37,Organic
2022-04-22,44.4,13578,0.0201,20591.26,Organic
2022-04-23,51.2,13871,0.0297,25157.9,Paid
2022-04-24,50.8,14324,0.0165,12691.35,Organic
2022-04-25,47.3,13784,0.0194,16275.95,Organic
2022-04-26,46.8,13406,0.0202,18943.16,Organic
2022-04-27,50.8,13687,0.0198,20633.14,Organic
2022-04-28,44.9,12601,0.0171,14197.58,Paid
2022-04-29,44.9,13526,0.0251,25647.92,Paid
2022-04-30,48.3,13171,0.0236,16826.96,Organic
2022-05-01,48.8,13894,0.0262,22370.62,Organic
2022-05-02,44.4,13222,0.0261,21634.44,Organic
2022-05-03,47.8,14010,0.0254,22804.38,Paid
2022-05-04,48.3,13677,0.0271,24341.39,Organic
2022-05-05,44.4,13196,0.023,21405.6,Paid
2022-05-06,43.9,13562,0.0184,15332.17,Organic
2022-05-07,50.3,14166,0.0293,27440.79,Organic
2022-05-08,48.3,13924,0.0221,19890.74,Direct
2022-05-09,46.8,13809,0.0203,16144.59,Paid
2022-05-10,45.9,12890,0.023,19000.96,Organic
2022-05-11,42.4,13396,0.0191,16337.08,Direct
2022-05-12,48.8,14101,0.023,20652.68,Paid
2022-05-13,49.3,13508,0.0262,23094.04,Direct
2022-05-14,48.3,13700,0.0259,23278.76,Paid
2022-05-15,48.8,13840,0.021,17886.46,Paid
2022-05-16,46.4,13509,0.022,22343.86,Direct
2022-05-17,46.4,13696,0.0282,21491.29,Organic
2022-05-18,47.3,14252,0.0262,22117.46,Paid
2022-05-19,49.8,14406,0.0332,41724.94,Paid
2022-05-20,45.9,12979,0.0285,20971.96,Organic
2022-05-21,48.3,14046,0.0291,22141.35,Organic
2022-05-22,47.3,14212,0.0186,18735.54,Organic
2022-05-23,44.9,13541,0.0265,17361.6,Paid
2022-05-24,46.4,13999,0.0237,20940.99,Paid
2022-05-25,50.3,14837,0.0229,27917.52,Paid
2022-05-26,45.9,13913,0.0244,17870.25,Organic
2022-05-27,47.3,13780,0.028,18961.83,Paid
2022-05-28,50.8,14509,0.0272,20918.76,Direct
2022-05-29,53.2,14442,0.0224,23352.51,Organic
2022-05-30,52.2,14276,0.0286,30213.0,Paid
2022-05-31,46.4,13422,0.0214,17492.15,Paid
2022-06-01,46.4,14188,0.0248,24794.23,Paid
2022-06-02,49.8,13646,0.0237,24618.65,Paid
2022-06-03,49.3,14528,0.0239,27534.06,Direct
2022-06-04,55.7,14878,0.0298,27944.96,Organic
2022-06-05,53.2,13825,0.0218,14040.99,Direct
2022-06-06,47.8,13886,0.0321,26045.95,Organic
2022-06-07,49.8,13133,0.0177,14315.82,Organic
2022-06-08,50.8,14341,0.0228,20576.03,Organic
2022-06-09,50.8,14445,0.0267,24489.67,Paid
2022-06-10,50.3,5518,0.0274,27952.28,Organic
2022-06-11,55.2,5867,0.0261,28787.43,Organic
2022-06-12,55.7,6183,0.0265,26065.5,Organic
2022-06-13,52.7,5649,0.0275,28657.92,Direct
2022-06-14,51.2,5490,0.0245,22820.87,Direct
2022-06-15,49.8,5826,0.0305,29106.36,Paid
2022-06-16,50.8,5950,0.0286,30740.02,Paid
2022-06-17,53.2,5754,0.0295,27830.46,Paid
2022-06-18,53.2,5915,0.0221,26624.95,Organic
2022-06-19,55.7,6085,0.0264,21485.33,Direct
2022-06-20,50.8,5517,0.024,20154.24,Organic
2022-06-21,51.7,5605,0.0215,19279.6,Organic
2022-06-22,54.2,5997,0.0277,28456.85,Organic
2022-06-23,52.2,5976,0.0235,26383.96,Paid
2022-06-24,52.2,5796,0.0283,26577.98,Paid
2022-06-25,53.7,5636,0.0218,16471.86,Paid
2022-06-26,58.1,6306,0.0343,38795.17,Organic
2022-06-27,54.2,5715,0.0227,23042.45,Paid
2022-06-28,57.1,5888,0.028,20387.55,Organic
2022-06-29,52.7,5785,0.029,27249.99,Organic
2022-06-30,53.7,6026,0.0238,18744.43,Organic
2022-07-01,54.2,14843,0.0297,26310.39,Paid
2022-07-02,61.0,15489,0.0234,20941.04,Organic
2022-07-03,58.1,15157,0.0332,35966.66,Paid
2022-07-04,55.2,14636,0.0266,25669.52,Paid
2022-07-05,55.7,14901,0.0243,19812.09,Paid
2022-07-06,55.2,13607,0.0254,24898.49,Paid
2022-07-07,54.2,14383,0.0295,22712.51,Organic
2022-07-08,55.7,14774,0.0244,24383.57,Organic
2022-07-09,61.5,14922,0.0255,22255.29,Paid
2022-07-10,57.6,15067,0.0264,24691.33,Paid
2022-07-11,56.1,14655,0.0221,22358.48,Direct
2022-07-12,54.7,15263,0.0337,35579.32,Direct
2022-07-13,58.6,15659,0.0253,29988.59,Organic
2022-07-14,53.7,14257,0.0294,26969.31,Organic
2022-07-15,55.7,14617,0.0275,27113.35,Paid
2022-07-16,61.5,15353,0.0245,23132.42,Organic
2022-07-17,64.0,15495,0.0292,30068.25,Organic
2022-07-18,57.1,14932,0.0303,30999.3,Direct
2022-07-19,56.1,14433,0.0261,24189.32,Organic
2022-07-20,61.5,14930,0.0332,25066.33,Direct
2022-07-21,55.2,14868,0.0306,30778.9,Paid
2022-07-22,53.7,14695,0.0298,29741.38,Paid
2022-07-23,63.0,15236,0.0271,24591.49,Organic
2022-07-24,61.5,15740,0.0241,20759.02,Organic
2022-07-25,56.6,14543,0.0245,27366.61,Paid
2022-07-26,60.1,15307,0.0288,30387.9,Organic
2022-07-27,59.6,15475,0.0301,29423.19,Organic
2022-07-28,58.1,14958,0.0187,15637.09,Organic
2022-07-29,56.6,14977,0.027,23626.04,Organic
2022-07-30,64.9,15586,0.0301,35382.77,Organic
2022-07-31,64.5,15656,0.0282,29183.67,Paid
2022-08-01,59.6,15065,0.033,30124.65,Organic
2022-08-02,63.5,15318,0.0307,32484.57,Organic
2022-08-03,57.6,14842,0.0325,28211.03,Paid
2022-08-04,57.1,14234,0.0263,28827.8,Direct
2022-08-05,59.1,14892,0.0315,35568.14,Organic
2022-08-06,64.0,15562,0.0357,34037.93,Organic
2022-08-07,64.9,15691,0.0347,32652.68,Paid
2022-08-08,60.1,15109,0.0236,15708.77,Direct
2022-08-09,61.5,15357,0.0274,22363.44,Paid
2022-08-10,58.6,15222,0.0262,21649.45,Paid
2022-08-11,64.0,16025,0.0311,32933.54,Organic
2022-08-12,61.0,15064,0.0311,29229.18,Paid
2022-08-13,67.4,15605,0.0269,22767.44,Organic
2022-08-14,65.9,15494,0.03,29167.77,Paid
2022-08-15,62.5,15305,0.0207,21873.66,Paid
2022-08-16,62.5,15359,0.0345,36680.11,Direct
2022-08-17,62.5,15192,0.0267,20201.26,Organic
2022-08-18,63.0,15040,0.0291,27999.07,Organic
2022-08-19,64.5,15552,0.0281,23569.44,Paid
2022-08-20,66.4,16042,0.0345,39966.67,Paid
2022-08-21,67.4,16324,0.0189,21989.46,Paid
2022-08-22,62.0,15218,0.0285,25075.46,Organic
2022-08-23,64.9,15628,0.0291,26773.34,Organic
2022-08-24,61.0,14953,0.0265,24294.31,Paid
2022-08-25,65.9,15898,0.0367,27409.42,Organic
2022-08-26,62.5,15160,0.0252,25858.88,Direct
2022-08-27,63.5,15846,0.0321,31952.41,Paid
2022-08-28,66.9,15313,0.0315,35097.15,Paid
2022-08-29,61.5,15238,0.0335,28695.08,Paid
2022-08-30,64.5,15855,0.0267,25419.61,Paid
2022-08-31,61.5,15456,0.0255,20868.21,Organic
2022-09-01,62.0,16518,0.033,31051.65,Direct
2022-09-02,59.6,15287,0.0296,25133.46,Organic
2022-09-03,66.4,15567,0.0237,26920.58,Paid
2022-09-04,62.5,15461,0.0266,24434.72,Organic
2022-09-05,60.1,14496,0.0296,28316.56,Paid
2022-09-06,64.9,15761,0.0328,32027.73,Organic
2022-09-07,64.9,15460,0.0268,22723.52,Organic
2022-09-08,64.5,16100,0.0177,18139.37,Direct
2022-09-09,62.0,15221,0.0307,32613.12,Organic
2022-09-10,67.4,16040,0.0253,22456.79,Paid
2022-09-11,67.9,15891,0.0223,25327.8,Direct
2022-09-12,61.5,16078,0.0171,16001.76,Organic
2022-09-13,66.9,15899,0.0333,32367.71,Paid
2022-09-14,65.9,16643,0.0303,34919.3,Organic
2022-09-15,64.0,16001,0.0283,27030.46,Organic
2022-09-16,64.5,15927,0.0349,36297.49,Organic
2022-09-17,68.9,16410,0.0332,34041.2,Direct
2022-09-18,64.5,15892,0.0358,37569.5,Organic
2022-09-19,64.0,14905,0.0236,16164.72,Paid
2022-09-20,63.5,15505,0.0289,22567.18,Paid
2022-09-21,63.0,15896,0.0224,24899.2,Direct
2022-09-22,64.5,15715,0.0284,32713.09,Organic
2022-09-23,68.4,15642,0.0295,26632.46,Paid
2022-09-24,70.3,16418,0.0336,34779.98,Paid
2022-09-25,67.9,16827,0.0305,34569.58,Paid
2022-09-26,66.4,16468,0.0324,37640.61,Direct
2022-09-27,68.4,16179,0.0333,26279.98,Direct
2022-09-28,67.4,16467,0.0388,37000.91,Organic
2022-09-29,65.9,15764,0.0285,28007.46,Paid
2022-09-30,64.5,15053,0.0256,27215.87,Organic
2022-10-01,71.3,16186,0.0324,44569.66,Organic
2022-10-02,70.8,17122,0.028,30287.56,Paid
2022-10-03,67.9,16036,0.0363,31284.85,Organic
2022-10-04,67.4,15989,0.0291,31740.53,Organic
2022-10-05,68.4,16084,0.0282,34275.27,Direct
2022-10-06,65.4,16613,0.0277,30309.35,Organic
2022-10-07,69.3,16972,0.0337,33028.66,Direct
2022-10-08,71.3,17444,0.0308,39040.54,Paid
2022-10-09,74.7,16903,0.0299,35533.83,Paid
2022-10-10,65.9,16029,0.0364,33135.23,Direct
2022-10-11,70.8,15891,0.0278,30063.06,Organic
2022-10-12,67.9,16736,0.0305,37251.54,Organic
2022-10-13,66.4,15502,0.0325,37511.61,Organic
2022-10-14,66.9,16114,0.0235,24412.83,Organic
2022-10-15,71.3,16117,0.0333,33347.81,Direct
2022-10-16,72.8,16497,0.0276,34066.01,Direct
2022-10-17,69.3,15986,0.0341,30155.48,Organic
2022-10-18,67.4,15843,0.0264,28654.09,Organic
2022-10-19,68.4,15988,0.0333,28770.8,Organic
2022-10-20,72.8,16513,0.0363,44071.3,Organic
2022-10-21,72.3,17007,0.0351,37569.16,Paid
2022-10-22,73.8,16408,0.0331,40813.6,Organic
2022-10-23,73.3,16879,0.0311,36184.58,Paid
2022-10-24,69.8,16867,0.0286,26635.14,Organic
2022-10-25,70.8,16292,0.0371,46176.9,Organic
2022-10-26,67.9,15858,0.0276,33880.85,Paid
2022-10-27,69.3,16229,0.0267,31223.89,Paid
2022-10-28,66.9,16500,0.0327,31783.43,Direct
2022-10-29,75.2,17103,0.0294,31452.85,Direct
2022-10-30,75.7,16872,0.0289,32261.34,Organic
2022-10-31,69.8,16573,0.0252,24795.4,Organic
2022-11-01,74.2,16467,0.0303,39186.93,Direct
2022-11-02,68.9,16535,0.0303,33144.16,Direct
2022-11-03,68.4,16367,0.0315,22361.52,Direct
2022-11-04,72.3,16550,0.0355,39784.17,Organic
2022-11-05,77.7,16984,0.0354,37405.59,Direct
2022-11-06,79.1,17140,0.033,36426.26,Organic
2022-11-07,71.3,16770,0.0306,31842.24,Paid
2022-11-08,74.7,17458,0.0345,43038.24,Direct
2022-11-09,72.8,16477,0.0369,44966.26,Organic
2022-11-10,72.3,16857,0.0322,36510.82,Direct
2022-11-11,74.7,16132,0.0305,30646.09,Organic
2022-11-12,78.6,17203,0.0296,32930.18,Direct
2022-11-13,74.2,16896,0.0265,29173.56,Organic
2022-11-14,76.7,16838,0.0357,35213.75,Direct
2022-11-15,76.7,16827,0.0353,41360.59,Organic
2022-11-16,72.8,16465,0.0341,38561.02,Paid
2022-11-17,75.2,17142,0.0321,42547.91,Paid
2022-11-18,75.7,17009,0.0383,48886.23,Paid
2022-11-19,79.1,16600,0.0318,31416.57,Organic
2022-11-20,77.7,16471,0.0371,43729.92,Paid
2022-11-21,73.8,16607,0.032,30499.68,Organic
2022-11-22,75.2,17209,0.0301,36553.3,Paid
2022-11-23,77.7,16220,0.0357,35245.33,Organic
2022-11-24,76.7,17002,0.0346,33421.91,Direct
2022-11-25,75.2,16815,0.034,38441.99,Organic
2022-11-26,81.6,18344,0.0348,27835.19,Organic
2022-11-27,74.7,16813,0.0323,27691.82,Organic
2022-11-28,78.6,17590,0.0431,48201.89,Organic
2022-11-29,73.3,16847,0.0367,40596.3,Organic
2022-11-30,76.2,16291,0.0358,36186.01,Paid
2022-12-01,74.7,17274,0.0329,29759.52,Direct
2022-12-02,74.7,17053,0.0364,36285.88,Paid
2022-12-03,83.5,18227,0.0371,46070.76,Paid
2022-12-04,80.6,19242,0.0343,45971.85,Organic
2022-12-05,78.2,16544,0.0322,34557.45,Paid
2022-12-06,77.7,18009,0.033,44129.33,Organic
2022-12-07,78.6,17321,0.0209,24681.47,Paid
2022-12-08,78.2,17493,0.0343,35412.8,Organic
2022-12-09,75.7,17066,0.0308,32986.6,Organic
2022-12-10,84.0,17912,0.0416,40071.4,Organic
2022-12-11,81.6,17561,0.0346,38969.04,Direct
2022-12-12,75.7,17216,0.028,35621.81,Organic
2022-12-13,77.7,16712,0.0331,38988.51,Paid
2022-12-14,81.6,18089,0.0303,41773.78,Organic
2022-12-15,80.6,17505,0.0361,39544.26,Paid
2022-12-16,78.2,16926,0.0346,44373.21,Direct
2022-12-17,82.6,17726,0.0386,43416.43,Organic
2022-12-18,82.6,18409,0.0316,44660.54,Paid
2022-12-19,83.5,17809,0.0352,40637.38,Direct
2022-12-20,80.1,17756,0.0286,35881.58,Paid
2022-12-21,80.1,17320,0.0368,48951.05,Paid
2022-12-22,81.6,18092,0.0365,41901.42,Paid
2022-12-23,80.1,17887,0.036,42980.6,Paid
2022-12-24,83.0,18704,0.0349,49160.67,Organic
2022-12-25,83.0,17894,0.0366,41872.97,Direct
2022-12-26,79.6,17821,0.0403,39092.94,Organic
2022-12-27,79.6,17593,0.0327,47256.74,Organic
2022-12-28,81.1,18248,0.0349,39002.21,Paid
2022-12-29,79.6,17266,0.0295,33754.45,Organic
2022-12-30,81.1,18028,0.0309,41361.01,Organic
2022-12-31,83.5,17946,0.0355,38309.11,Paid
2023-01-01,83.5,17998,0.0395,40477.75,Direct
2023-01-02,75.7,17121,0.0317,36379.52,Direct
2023-01-03,81.1,17831,0.0334,30168.09,Direct
2023-01-04,80.1,17566,0.0324,35683.13,Direct
2023-01-05,81.1,17816,0.0322,38413.47,Organic
2023-01-06,73.8,17481,0.0333,36580.48,Organic
2023-01-07,85.0,18594,0.0295,28881.05,Direct
2023-01-08,82.6,18254,0.0399,56630.51,Organic
2023-01-09,81.1,17548,0.0317,36618.42,Paid
2023-01-10,76.7,16846,0.0359,46234.3,Paid
2023-01-11,80.1,17995,0.029,32834.97,Organic
2023-01-12,76.7,17552,0.0357,36318.05,Direct
2023-01-13,77.2,17849,0.0358,42910.66,Paid
2023-01-14,85.0,17958,0.037,42041.96,Paid
2023-01-15,81.6,17697,0.0305,29998.65,Direct
2023-01-16,78.6,16781,0.0346,44567.59,Paid
2023-01-17,79.6,17397,0.0292,30490.64,Organic
2023-01-18,78.6,17835,0.0326,29232.61,Paid
2023-01-19,77.7,17132,0.0374,48455.93,Direct
2023-01-20,78.2,17634,0.0366,39347.48,Paid
2023-01-21,85.0,18123,0.0356,38799.38,Paid
2023-01-22,80.6,17801,0.0303,27441.49,Paid
2023-01-23,77.2,16801,0.0357,47340.39,Organic
2023-01-24,78.6,17471,0.0337,32196.54,Direct
2023-01-25,78.6,16240,0.0243,25835.61,Direct
2023-01-26,78.2,17303,0.0366,45787.46,Organic
2023-01-27,77.2,16608,0.0331,37586.74,Organic
2023-01-28,77.2,17743,0.038,43503.44,Direct
2023-01-29,82.6,18217,0.0304,28457.78,Direct
2023-01-30,72.8,16919,0.0191,18911.62,Direct
2023-01-31,75.2,17634,0.0337,39520.1,Direct
2023-02-01,72.8,16353,0.033,31678.8,Paid
2023-02-02,73.8,17548,0.0254,29696.88,Paid
2023-02-03,74.2,17281,0.0284,34577.42,Paid
2023-02-04,78.2,17283,0.0445,55913.12,Organic
2023-02-05,77.7,17773,0.0321,31486.95,Paid
2023-02-06,75.7,16642,0.0356,48920.9,Paid
2023-02-07,73.3,16461,0.0294,34428.36,Paid
2023-02-08,71.8,16371,0.0232,24682.26,Paid
2023-02-09,73.8,16638,0.0314,38511.84,Paid
2023-02-10,73.8,16427,0.0311,42874.69,Organic
2023-02-11,72.8,17221,0.0302,27818.89,Organic
2023-02-12,75.7,16981,0.0323,34663.18,Organic
2023-02-13,71.8,16756,0.0326,25112.3,Organic
2023-02-14,69.3,16093,0.0302,32339.6,Direct
2023-02-15,72.3,15945,0.0266,28808.72,Organic
2023-02-16,68.9,16371,0.0326,34522.94,Organic
2023-02-17,68.9,15498,0.0229,21210.4,Paid
2023-02-18,71.8,16587,0.0233,18784.29,Paid
2023-02-19,71.8,16067,0.0345,37686.68,Organic
2023-02-20,65.4,16647,0.0317,40445.52,Paid
2023-02-21,64.5,16099,0.0291,28236.21,Paid
2023-02-22,69.8,16422,0.0254,28581.18,Organic
2023-02-23,64.9,16298,0.0267,22826.07,Organic
2023-02-24,64.0,15337,0.0281,29589.39,Direct
2023-02-25,65.4,16069,0.0232,23058.83,Direct
2023-02-26,67.9,16225,0.0274,26185.17,Paid
2023-02-27,62.0,15546,0.0312,28576.86,Organic
2023-02-28,67.4,16595,0.0359,36848.45,Organic
2023-03-01,65.9,16203,0.0281,30987.77,Paid
2023-03-02,62.0,15556,0.0316,26791.87,Organic
2023-03-03,67.4,15425,0.0226,21551.83,Organic
2023-03-04,68.4,15820,0.0331,33863.0,Paid
2023-03-05,65.4,15803,0.0264,23449.8,Organic
2023-03-06,57.1,14891,0.0284,33567.33,Paid
2023-03-07,65.9,15458,0.0288,25897.63,Direct
2023-03-08,58.1,15936,0.0327,31081.18,Organic
2023-03-09,57.1,15460,0.0236,20860.11,Direct
2023-03-10,62.0,15682,0.0311,38718.26,Organic
2023-03-11,68.4,16233,0.0294,33132.26,Direct
2023-03-12,65.9,15825,0.0291,26482.53,Organic
2023-03-13,60.1,14825,0.0273,29888.7,Organic
2023-03-14,59.6,15178,0.0245,24768.02,Paid
2023-03-15,59.6,15250,0.0278,28429.25,Paid
2023-03-16,59.1,14592,0.0275,24977.35,Direct
2023-03-17,57.6,15046,0.0282,25035.52,Organic
2023-03-18,61.0,15261,0.0286,29549.58,Organic
2023-03-19,60.1,14443,0.0312,27325.38,Paid
2023-03-20,54.7,14216,0.0301,34032.75,Paid
2023-03-21,55.2,14454,0.0223,17678.09,Organic
2023-03-22,52.2,15022,0.0291,33786.24,Paid
2023-03-23,54.7,14783,0.0217,20565.74,Paid
2023-03-24,52.7,13791,0.0282,26209.43,Direct
2023-03-25,56.1,14931,0.0293,31352.0,Direct
2023-03-26,58.1,14352,0.0198,17038.24,Organic
2023-03-27,56.1,15170,0.0272,29673.44,Paid
2023-03-28,55.2,14431,0.0247,15448.23,Organic
2023-03-29,49.8,13936,0.0219,18079.98,Paid
2023-03-30,50.8,14621,0.0306,25773.74,Paid
2023-03-31,54.2,13987,0.0236,18145.87,Direct
2023-04-01,53.7,13884,0.0229,20119.59,Paid
2023-04-02,55.2,14386,0.0269,26348.15,Direct
2023-04-03,52.2,14682,0.0284,29446.87,Direct
2023-04-04,48.8,13248,0.0241,21368.24,Direct
2023-04-05,50.8,12958,0.0299,23120.52,Direct
2023-04-06,47.8,13558,0.0265,24414.32,Paid
2023-04-07,48.8,14077,0.0159,14771.12,Organic
2023-04-08,54.2,14982,0.0241,26173.13,Organic
2023-04-09,50.3,13847,0.0228,22483.56,Organic
2023-04-10,50.3,13868,0.027,24429.63,Paid
2023-04-11,48.8,14318,0.0141,11673.32,Paid
2023-04-12,49.8,13226,0.0351,27750.15,Paid
2023-04-13,48.8,13701,0.0268,22252.14,Direct
2023-04-14,50.8,14167,0.0258,22836.2,Direct
2023-04-15,52.2,14447,0.0304,29489.07,Organic
2023-04-16,50.8,13887,0.0346,33980.94,Organic
2023-04-17,47.8,13752,0.0278,24693.52,Organic
2023-04-18,48.3,12802,0.0283,23596.01,Organic
2023-04-19,47.3,13417,0.0247,21920.93,Paid
2023-04-20,47.3,13861,0.0236,19912.67,Paid
2023-04-21,45.4,13052,0.0217,16313.07,Paid
2023-04-22,49.3,13938,0.0215,15269.98,Direct
2023-04-23,47.8,13917,0.0216,17867.73,Direct
2023-04-24,49.8,13836,0.0195,18558.37,Organic
2023-04-25,43.9,13337,0.0229,18134.67,Paid
2023-04-26,44.9,13001,0.0167,13699.53,Organic
2023-04-27,44.9,13304,0.0242,22128.56,Organic
2023-04-28,47.8,13983,0.0242,23404.82,Organic
2023-04-29,49.3,13978,0.0254,20011.45,Paid
2023-04-30,52.2,14032,0.0236,24166.54,Organic
2023-05-01,44.4,13417,0.0356,35354.72,Organic
2023-05-02,46.4,13848,0.0293,22706.06,Paid
2023-05-03,43.9,12449,0.0182,13233.9,Paid
2023-05-04,49.8,14437,0.0259,27867.65,Organic
2023-05-05,43.4,13076,0.0206,17192.31,Organic
2023-05-06,50.3,14202,0.021,14089.48,Direct
2023-05-07,50.8,14570,0.0199,15599.67,Organic
2023-05-08,46.4,13014,0.0256,20990.66,Direct
2023-05-09,45.4,13161,0.0209,15319.92,Paid
2023-05-10,45.4,13330,0.0275,22614.97,Organic
2023-05-11,45.4,13132,0.0276,23652.74,Organic
2023-05-12,45.4,14139,0.0291,31557.02,Organic
2023-05-13,51.2,13807,0.022,19038.2,Organic
2023-05-14,53.7,14221,0.028,29298.81,Organic
2023-05-15,44.4,13410,0.0259,26545.62,Paid
2023-05-16,42.9,12671,0.021,20349.17,Organic
2023-05-17,45.4,13287,0.0205,18325.43,Paid
2023-05-18,50.8,14218,0.0317,22217.19,Paid
2023-05-19,44.4,13195,0.0242,21932.94,Organic
2023-05-20,53.2,14347,0.0285,30007.26,Organic
2023-05-21,53.2,14173,0.0227,20703.61,Organic
2023-05-22,44.9,12781,0.0186,18770.1,Organic
2023-05-23,47.3,13809,0.0219,21737.34,Paid
2023-05-24,49.8,14675,0.0244,24902.4,Organic
2023-05-25,45.9,13511,0.0195,19414.97,Paid
2023-05-26,46.4,13653,0.0239,22080.18,Organic
2023-05-27,49.8,14251,0.0182,11686.49,Paid
2023-05-28,48.8,13348,0.0202,16449.26,Paid
2023-05-29,45.9,14185,0.0264,27928.02,Paid
2023-05-30,44.9,13467,0.0259,20418.22,Organic
2023-05-31,47.3,14333,0.0226,20476.07,Organic
2023-06-01,45.9,13211,0.0197,14741.28,Paid
2023-06-02,48.3,14525,0.0204,23488.9,Organic
2023-06-03,48.8,14166,0.0231,25672.19,Organic
2023-06-04,52.7,14547,0.0284,23932.51,Paid
2023-06-05,49.8,14067,0.0286,26624.64,Paid
2023-06-06,44.4,13228,0.0213,16780.3,Paid
2023-06-07,49.3,14395,0.0202,20331.14,Paid
2023-06-08,51.2,14206,0.0264,25906.7,Paid
2023-06-09,46.8,12834,0.0208,19085.03,Paid
2023-06-10,56.1,14290,0.0248,23976.51,Paid
2023-06-11,54.2,14427,0.0316,40338.91,Paid
2023-06-12,48.3,13921,0.0278,21972.76,Direct
2023-06-13,49.8,13951,0.0256,18326.99,Organic
2023-06-14,51.2,14637,0.0203,18379.13,Organic
2023-06-15,50.3,13252,0.0259,18004.34,Paid
2023-06-16,51.2,14207,0.0296,22313.3,Paid
2023-06-17,52.7,13598,0.0243,18831.11,Organic
2023-06-18,55.2,14923,0.032,27516.81,Direct
2023-06-19,48.3,13760,0.0297,23442.67,Organic
2023-06-20,51.2,14317,0.032,31678.71,Paid
2023-06-21,49.8,13628,0.0262,21762.59,Paid
2023-06-22,50.3,14544,0.0274,25330.56,Direct
2023-06-23,54.2,14918,0.0319,34336.88,Organic
2023-06-24,58.1,15205,0.0292,26137.2,Paid
2023-06-25,57.6,14861,0.0253,23643.2,Organic
2023-06-26,50.3,14264,0.0233,22575.31,Organic
2023-06-27,52.2,13984,0.0266,18400.63,Organic
2023-06-28,55.7,15020,0.0215,14829.19,Paid
2023-06-29,53.7,15103,0.0255,26099.61,Paid
2023-06-30,58.1,15399,0.0318,33757.2,Organic
2023-07-01,58.6,14738,0.0188,22585.38,Paid
2023-07-02,58.1,15116,0.0336,33655.71,Paid
2023-07-03,53.7,13926,0.0306,30493.38,Paid
2023-07-04,54.7,14789,0.0246,23078.69,Direct
2023-07-05,54.2,14682,0.0284,28094.45,Organic
2023-07-06,56.1,13989,0.0269,29478.93,Direct
2023-07-07,57.1,14389,0.0321,22174.29,Direct
2023-07-08,57.6,14799,0.0312,31540.2,Organic
2023-07-09,56.6,14675,0.0214,25778.29,Organic
2023-07-10,52.2,13783,0.028,25955.81,Organic
2023-07-11,56.6,14951,0.0262,30634.0,Organic
2023-07-12,53.7,14544,0.0264,23024.76,Paid
2023-07-13,52.2,14189,0.0228,20945.16,Paid
2023-07-14,57.1,14552,0.0341,32387.59,Paid
2023-07-15,65.4,16271,0.0338,25990.7,Paid
2023-07-16,60.5,15927,0.0252,22337.54,Organic
2023-07-17,58.6,14837,0.0222,18519.47,Direct
2023-07-18,57.6,14668,0.0257,26982.03,Organic
2023-07-19,57.1,15050,0.0289,31306.13,Direct
2023-07-20,59.6,15004,0.0288,29207.66,Organic
2023-07-21,57.1,14798,0.0321,34007.72,Direct
2023-07-22,62.5,15795,0.0319,32089.27,Organic
2023-07-23,62.5,14736,0.0326,35844.79,Organic
2023-07-24,57.1,15381,0.0284,28424.04,Organic
2023-07-25,60.5,15294,0.0226,22626.89,Paid
2023-07-26,58.6,14865,0.0268,25048.37,Direct
2023-07-27,57.6,14877,0.0315,33026.67,Organic
2023-07-28,60.1,15191,0.0278,26027.13,Direct
2023-07-29,61.5,14690,0.0305,32622.81,Paid
2023-07-30,63.5,16215,0.0278,25217.73,Paid
2023-07-31,59.6,15164,0.0238,20285.89,Direct
2023-08-01,61.5,15559,0.028,30713.21,Organic
2023-08-02,60.5,15645,0.0294,29571.78,Organic
2023-08-03,60.1,14798,0.0254,23066.67,Direct
2023-08-04,61.5,15571,0.0275,30882.16,Direct
2023-08-05,66.9,15921,0.0263,25182.76,Direct
2023-08-06,65.4,16190,0.0341,35000.92,Direct
2023-08-07,60.5,14414,0.027,29652.96,Organic
2023-08-08,58.1,14932,0.0332,38327.4,Direct
2023-08-09,58.6,14789,0.0337,38664.64,Organic
2023-08-10,60.1,15379,0.0277,26728.41,Direct
2023-08-11,59.6,15335,0.0238,27316.63,Paid
2023-08-12,64.5,15451,0.021,18627.35,Paid
2023-08-13,65.4,15567,0.0237,21304.24,Paid
2023-08-14,62.5,15455,0.0233,16635.38,Organic
2023-08-15,61.0,14965,0.0338,39647.43,Organic
2023-08-16,62.5,15836,0.0292,26860.62,Direct
2023-08-17,61.5,15234,0.03,29243.68,Direct
2023-08-18,58.1,13808,0.0185,14743.8,Organic
2023-08-19,64.0,15526,0.0244,26731.06,Paid
2023-08-20,65.4,15436,0.0332,31770.86,Paid
2023-08-21,59.6,14495,0.029,22935.18,Organic
2023-08-22,63.5,15122,0.0285,29536.28,Organic
2023-08-23,65.4,15895,0.0319,27142.49,Direct
2023-08-24,64.5,16266,0.0359,34044.69,Paid
2023-08-25,62.0,15566,0.0277,20759.03,Paid
2023-08-26,69.3,16079,0.0311,26807.22,Paid
2023-08-27,66.9,16210,0.0308,33165.49,Organic
2023-08-28,62.0,15257,0.0382,28723.4,Paid
2023-08-29,61.5,15104,0.0201,16136.08,Organic
2023-08-30,62.0,14979,0.0313,30465.89,Organic
2023-08-31,62.0,14740,0.0281,25121.34,Paid
2023-09-01,63.5,15461,0.0313,39167.44,Direct
2023-09-02,67.4,16150,0.0276,35512.63,Organic
2023-09-03,66.9,15989,0.0299,27755.19,Organic
2023-09-04,64.0,15509,0.032,34470.73,Paid
2023-09-05,65.4,15473,0.0421,46246.61,Direct
2023-09-06,65.4,16095,0.0329,31888.12,Paid
2023-09-07,60.5,14738,0.0248,19384.66,Direct
2023-09-08,58.6,15340,0.0259,25785.8,Paid
2023-09-09,69.3,15920,0.029,29370.8,Paid
2023-09-10,64.9,15492,0.0223,21251.3,Organic
2023-09-11,63.5,15030,0.0277,28534.72,Organic
2023-09-12,61.5,15182,0.0314,28123.39,Organic
2023-09-13,60.5,15655,0.0231,20173.2,Paid
2023-09-14,64.9,15999,0.0337,35516.32,Direct
2023-09-15,65.9,16302,0.0317,35185.94,Direct
2023-09-16,66.9,16237,0.0271,24459.47,Organic
2023-09-17,63.5,15175,0.0285,31322.79,Organic
2023-09-18,63.5,15485,0.0354,27866.8,Organic
2023-09-19,65.4,15540,0.0326,30586.26,Organic
2023-09-20,62.0,15973,0.0286,28750.88,Paid
2023-09-21,64.9,15314,0.0285,26147.75,Direct
2023-09-22,64.9,16150,0.0298,29106.98,Direct
2023-09-23,69.8,16737,0.0289,38680.75,Paid
2023-09-24,69.3,17053,0.0224,22228.95,Direct
2023-09-25,63.5,15453,0.0372,48592.08,Paid
2023-09-26,67.9,16430,0.031,34887.58,Organic
2023-09-27,64.9,16706,0.0311,34153.8,Paid
2023-09-28,65.4,15605,0.0294,31569.1,Paid
2023-09-29,64.0,15062,0.0262,33637.56,Paid
2023-09-30,68.9,15511,0.0299,26459.17,Organic
2023-10-01,67.9,16430,0.024,22096.37,Organic
2023-10-02,65.4,15098,0.0387,34450.52,Organic
2023-10-03,69.3,16172,0.0259,27333.27,Direct
2023-10-04,63.5,15792,0.0249,20130.48,Organic
2023-10-05,63.5,15691,0.0273,27920.23,Paid
2023-10-06,69.3,16491,0.036,46632.29,Paid
2023-10-07,70.3,16528,0.0312,34143.4,Organic
2023-10-08,69.3,16833,0.0259,27317.53,Paid
2023-10-09,68.9,15882,0.0357,34050.27,Direct
2023-10-10,65.9,15640,0.0327,36919.01,Paid
2023-10-11,70.8,16188,0.0334,31572.06,Direct
2023-10-12,68.9,16595,0.0335,44347.38,Organic
2023-10-13,66.4,16329,0.0395,51900.77,Organic
2023-10-14,75.7,17265,0.0415,48044.03,Direct
2023-10-15,70.8,16971,0.0285,31394.22,Direct
2023-10-16,69.3,15850,0.0373,43302.97,Direct
2023-10-17,68.9,16929,0.0322,40206.72,Paid
2023-10-18,70.8,17107,0.0332,33254.79,Direct
2023-10-19,71.8,16909,0.0248,25490.85,Direct
2023-10-20,68.9,16975,0.03,27714.01,Direct
2023-10-21,71.3,15893,0.0281,30490.05,Paid
2023-10-22,73.8,16640,0.0354,41430.09,Organic
2023-10-23,67.9,15851,0.0346,29726.02,Direct
2023-10-24,73.3,17079,0.0237,24836.18,Organic
2023-10-25,69.8,15960,0.0309,26740.32,Paid
2023-10-26,69.3,16624,0.0353,33924.25,Organic
2023-10-27,70.3,16987,0.0304,35842.69,Paid
2023-10-28,71.3,16834,0.0343,34143.27,Paid
2023-10-29,72.3,16787,0.0331,34780.0,Organic
2023-10-30,72.8,16337,0.0332,28194.17,Direct
2023-10-31,69.3,15982,0.0297,31563.31,Organic
2023-11-01,68.9,16762,0.0258,27956.7,Paid
2023-11-02,72.3,16985,0.0272,27335.29,Organic
2023-11-03,73.8,16834,0.035,37406.43,Organic
2023-11-04,76.7,17035,0.0331,37464.09,Organic
2023-11-05,77.7,16509,0.0327,31570.66,Paid
2023-11-06,70.3,16010,0.0294,25036.17,Organic
2023-11-07,69.3,17086,0.0296,40178.75,Direct
2023-11-08,75.2,16513,0.0368,36420.49,Organic
2023-11-09,71.8,16691,0.0302,32374.24,Organic
2023-11-10,72.3,17076,0.0263,32823.16,Organic
2023-11-11,79.6,17052,0.0369,58663.6,Organic
2023-11-12,78.2,17452,0.0326,31316.53,Paid
2023-11-13,74.2,17283,0.0324,38413.11,Direct
2023-11-14,78.2,17383,0.0399,41156.85,Paid
2023-11-15,72.8,17879,0.0317,34396.74,Organic
2023-11-16,75.7,16417,0.0339,32968.27,Organic
2023-11-17,74.2,17332,0.0276,26785.83,Paid
2023-11-18,79.1,17426,0.0329,37076.12,Direct
2023-11-19,81.6,18097,0.0369,35528.52,Organic
2023-11-20,75.7,17261,0.0795,89196.22,Paid
2023-11-21,76.2,16850,0.1011,110729.78,Organic
2023-11-22,77.2,17352,0.1008,113690.3,Organic
2023-11-23,74.7,16224,0.0978,103135.97,Paid
2023-11-24,74.2,17149,0.1092,121723.6,Organic
2023-11-25,77.7,17438,0.1038,117654.19,Paid
2023-11-26,76.2,17398,0.0388,37591.49,Organic
2023-11-27,80.1,18036,0.0301,33732.66,Paid
2023-11-28,74.2,17055,0.0328,32514.29,Organic
2023-11-29,76.2,17202,0.0332,33053.04,Direct
2023-11-30,76.2,16791,0.0286,23108.93,Organic
2023-12-01,77.7,17034,0.0371,47848.71,Direct
2023-12-02,82.6,18381,0.0441,48237.06,Direct
2023-12-03,83.0,18539,0.0348,47939.7,Direct
2023-12-04,76.2,17048,0.0349,43760.63,Paid
2023-12-05,77.2,17279,0.0335,31669.85,Paid
2023-12-06,78.2,17016,0.0306,29311.03,Organic
2023-12-07,77.7,17788,0.026,39535.34,Organic
2023-12-08,81.1,17996,0.0315,44787.25,Organic
2023-12-09,83.0,18741,0.0293,35553.78,Organic
2023-12-10,83.5,17672,0.0419,49654.28,Direct
2023-12-11,79.6,17403,0.0334,34848.43,Organic
2023-12-12,81.1,17823,0.0329,40142.66,Paid
2023-12-13,79.1,17754,0.0373,39245.09,Paid
2023-12-14,76.2,17057,0.0284,23611.14,Paid
2023-12-15,79.6,17205,0.0308,28841.92,Paid
2023-12-16,81.6,18141,0.0347,41023.25,Organic
2023-12-17,82.1,18136,0.0387,39270.27,Paid
2023-12-18,80.1,17246,0.036,40021.48,Organic
2023-12-19,81.6,18331,0.0355,36704.09,Direct
2023-12-20,79.1,17963,0.0341,35981.22,Paid
2023-12-21,80.1,17666,0.0356,45171.63,Direct
2023-12-22,82.6,17938,0.0356,42772.85,Organic
2023-12-23,84.0,18304,0.0311,36957.52,Organic
2023-12-24,85.0,17855,0.0357,45914.71,Organic
2023-12-25,80.6,17683,0.0299,36399.78,Organic
2023-12-26,76.2,16282,0.0332,41392.22,Organic
2023-12-27,81.1,18081,0.0324,35923.41,Paid
2023-12-28,80.1,16988,0.0442,46225.73,Organic
2023-12-29,82.1,18449,0.0345,34746.73,Paid
2023-12-30,85.0,18067,0.0299,33259.32,Direct
2023-12-31,83.0,17880,0.0344,44726.9,Paid
2024-01-01,77.2,17009,0.0352,45143.19,Organic
2024-01-02,79.1,17380,0.0404,51034.12,Organic
2024-01-03,77.7,17886,0.0309,27991.16,Paid
2024-01-04,78.2,16383,0.0271,32705.81,Organic
2024-01-05,80.6,18182,0.0374,34198.8,Paid
2024-01-06,85.0,18335,0.03,39705.33,Organic
2024-01-07,84.0,17599,0.0335,36587.16,Direct
2024-01-08,76.7,16772,0.032,37902.18,Paid
2024-01-09,80.1,18283,0.0338,33580.5,Paid
2024-01-10,81.1,17352,0.0371,47875.95,Organic
2024-01-11,77.7,16858,0.0306,27484.85,Organic
2024-01-12,78.2,17833,0.0324,34466.49,Paid
2024-01-13,82.6,18041,0.0347,35692.84,Paid
2024-01-14,80.6,17296,0.0348,30676.31,Organic
2024-01-15,79.6,17640,0.0343,39785.93,Organic
2024-01-16,77.7,16909,0.035,47018.94,Organic
2024-01-17,78.6,17877,0.037,57106.36,Paid
2024-01-18,76.2,17568,0.0344,39751.77,Organic
2024-01-19,76.7,17414,0.0348,44804.2,Paid
2024-01-20,82.6,18051,0.0284,34274.01,Paid
2024-01-21,80.1,18317,0.0342,43218.86,Paid
2024-01-22,80.1,17612,0.036,39476.61,Direct
2024-01-23,75.7,16612,0.0356,39363.1,Direct
2024-01-24,76.7,17381,0.0302,36375.91,Paid
2024-01-25,78.2,18212,0.0308,33864.62,Organic
2024-01-26,73.3,16385,0.0297,31329.55,Organic
2024-01-27,76.2,16998,0.035,38392.36,Paid
2024-01-28,76.2,17310,0.037,45864.84,Paid
2024-01-29,77.7,17298,0.0317,30966.09,Paid
2024-01-30,73.8,16457,0.0358,38052.51,Organic
2024-01-31,79.6,18003,0.0344,49727.6,Paid
2024-02-01,73.3,17719,0.0315,41477.4,Organic
2024-02-02,74.2,16987,0.0314,40427.6,Paid
2024-02-03,80.6,17310,0.0372,41981.44,Organic
2024-02-04,81.1,17110,0.0356,41156.74,Paid
2024-02-05,77.2,17364,0.0423,53631.44,Organic
2024-02-06,75.2,17467,0.0292,39518.66,Organic
2024-02-07,74.2,17098,0.0343,28963.67,Paid
2024-02-08,73.3,16790,0.0299,27348.33,Organic
2024-02-09,73.3,16555,0.0285,35610.69,Paid
2024-02-10,74.2,16471,0.0322,33298.98,Paid
2024-02-11,73.3,17125,0.0325,33185.73,Paid
2024-02-12,70.8,16863,0.0429,39764.17,Organic
2024-02-13,69.8,15762,0.0302,28827.25,Paid
2024-02-14,68.9,16898,0.0261,23719.47,Paid
2024-02-15,70.8,16727,0.0323,44156.58,Paid
2024-02-16,70.8,17057,0.0229,25319.24,Paid
2024-02-17,72.8,16195,0.0315,32922.76,Organic
2024-02-18,75.2,16479,0.0326,37446.39,Organic
2024-02-19,65.9,15851,0.033,38027.49,Organic
2024-02-20,67.4,16288,0.0341,40305.28,Organic
2024-02-21,65.9,16629,0.0278,34019.17,Organic
2024-02-22,63.0,15841,0.0283,26877.05,Paid
2024-02-23,66.4,15872,0.0269,26734.78,Paid
2024-02-24,69.8,15969,0.0264,29996.48,Organic
2024-02-25,72.3,17165,0.0329,34324.7,Direct
2024-02-26,66.4,15583,0.0248,25104.01,Paid
2024-02-27,63.0,16210,0.0272,30065.84,Direct
2024-02-28,67.9,16031,0.0264,30167.63,Paid
2024-02-29,66.4,16605,0.0321,27066.01,Paid
2024-03-01,64.5,16006,0.0365,41314.78,Organic
2024-03-02,66.4,15914,0.0247,24814.96,Organic
2024-03-03,64.5,15527,0.0219,24027.2,Organic
2024-03-04,61.5,15246,0.028,30401.02,Paid
2024-03-05,64.0,15847,0.0293,36153.27,Organic
2024-03-06,64.9,15824,0.0304,36476.85,Paid
2024-03-07,64.0,15438,0.0274,32051.89,Organic
2024-03-08,59.6,15081,0.0271,31285.35,Direct
2024-03-09,62.0,15472,0.0301,31356.55,Organic
2024-03-10,64.0,14824,0.0334,32310.39,Organic
2024-03-11,55.7,14861,0.0189,20217.94,Organic
2024-03-12,59.6,14755,0.0264,27600.93,Organic
2024-03-13,58.1,14510,0.0283,25675.84,Organic
2024-03-14,57.1,14179,0.0235,22737.54,Paid
2024-03-15,54.7,55372,0.0083,29873.19,Organic
2024-03-16,62.0,59596,0.0065,25179.31,Organic
2024-03-17,59.6,59456,0.0069,26666.02,Direct
2024-03-18,54.2,61132,0.0071,28212.42,Organic
2024-03-19,50.3,13822,0.0227,25536.77,Direct
2024-03-20,55.7,14749,0.0193,14800.98,Direct
2024-03-21,58.6,15190,0.0259,23819.98,Organic
2024-03-22,58.1,15024,0.0315,30885.21,Organic
2024-03-23,57.6,14882,0.0259,28561.02,Organic
2024-03-24,57.1,14376,0.0238,23333.1,Paid
2024-03-25,54.7,15141,0.0301,30755.34,Paid
2024-03-26,51.7,14931,0.0242,20227.95,Paid
2024-03-27,53.7,13770,0.0241,18499.19,Paid
2024-03-28,54.2,14092,0.0269,25617.89,Organic
2024-03-29,54.7,14448,0.0295,23052.81,Direct
2024-03-30,55.7,14292,0.0362,31427.65,Paid
2024-03-31,55.2,14821,0.0299,30580.46,Paid
2024-04-01,49.8,13682,0.0296,23141.54,Direct
2024-04-02,49.8,14839,0.0229,26452.02,Paid
2024-04-03,50.3,14508,0.021,22786.57,Organic
2024-04-04,51.2,14235,0.0256,19105.84,Organic
2024-04-05,52.2,14678,0.0261,22043.73,Paid
2024-04-06,52.2,14709,0.0214,14704.22,Organic
2024-04-07,56.6,14570,0.0263,22508.36,Direct
2024-04-08,48.8,13530,0.0262,25214.98,Organic
2024-04-09,49.3,13946,0.0262,22540.19,Paid
2024-04-10,47.3,14025,0.0262,25239.15,Paid
2024-04-11,43.9,13325,0.0243,17103.41,Organic
2024-04-12,50.3,13401,0.0231,22097.79,Direct
2024-04-13,53.7,14122,0.0241,20610.71,Direct
2024-04-14,51.2,14120,0.0206,18935.0,Paid
2024-04-15,47.8,13708,0.0315,27746.3,Organic
2024-04-16,48.8,14645,0.0247,19832.87,Organic
2024-04-17,44.4,12773,0.0224,15958.17,Organic
2024-04-18,46.4,13765,0.0202,20226.23,Organic
2024-04-19,48.8,14452,0.0364,35872.56,Paid
2024-04-20,48.3,14706,0.0202,21804.41,Direct
2024-04-21,51.2,13988,0.0237,22409.55,Paid
2024-04-22,43.9,13466,0.0248,22089.21,Direct
2024-04-23,47.3,13908,0.0266,18938.59,Paid
2024-04-24,46.4,13641,0.0277,23743.34,Paid
2024-04-25,42.9,13112,0.0301,25567.17,Direct
2024-04-26,48.3,13972,0.0265,29852.0,Paid
2024-04-27,48.3,12784,0.0203,18294.69,Direct
2024-04-28,48.3,14070,0.0235,25555.05,Organic
2024-04-29,46.4,13613,0.0251,23842.97,Organic
2024-04-30,47.8,13650,0.0326,26392.17,Direct
2024-05-01,43.9,14088,0.0176,16349.0,Paid
2024-05-02,45.9,13234,0.0286,25317.28,Direct
2024-05-03,46.4,13401,0.0246,18951.35,Direct
2024-05-04,50.8,14887,0.0286,26365.65,Organic
2024-05-05,49.8,13641,0.0245,21173.15,Paid
2024-05-06,44.9,13166,0.0201,20600.63,Organic
2024-05-07,43.9,13210,0.0262,16735.44,Paid
2024-05-08,45.9,13840,0.0264,27274.06,Paid
2024-05-09,43.4,13293,0.0269,20562.96,Organic
2024-05-10,40.0,12282,0.0219,14530.98,Paid
2024-05-11,50.3,13819,0.0227,23351.04,Paid
2024-05-12,51.2,13907,0.0191,18820.82,Organic
2024-05-13,41.0,12886,0.0256,24753.05,Direct
2024-05-14,43.9,13439,0.0249,23894.54,Paid
2024-05-15,46.8,13789,0.0202,22694.91,Direct
2024-05-16,49.8,13263,0.0228,21007.41,Organic
2024-05-17,45.9,13929,0.0219,19446.07,Organic
2024-05-18,48.3,13898,0.0186,17511.86,Paid
2024-05-19,49.8,14527,0.0217,23626.22,Organic
2024-05-20,48.8,14034,0.0201,16576.63,Direct
2024-05-21,44.9,13827,0.0218,18020.88,Organic
2024-05-22,44.9,13573,0.0205,17398.29,Paid
2024-05-23,45.4,13984,0.0171,11517.13,Paid
2024-05-24,44.9,13595,0.0316,28398.68,Organic
2024-05-25,50.8,14052,0.0302,21180.74,Organic
2024-05-26,53.7,15352,0.023,23101.12,Paid
2024-05-27,47.3,14036,0.0253,25540.39,Paid
2024-05-28,46.4,13792,0.0256,21602.9,Organic
2024-05-29,46.8,13111,0.0288,29609.98,Direct
2024-05-30,44.4,12812,0.02,13661.69,Organic
2024-05-31,49.3,14032,0.0292,30537.54,Organic
2024-06-01,51.2,14208,0.0232,23206.0,Paid
2024-06-02,51.2,13904,0.02,14257.64,Organic
2024-06-03,54.2,14558,0.0292,36849.81,Direct
2024-06-04,48.8,14491,0.0298,27848.85,Organic
2024-06-05,46.8,13899,0.0344,27721.78,Organic
2024-06-06,47.8,13282,0.0195,13919.46,Organic
2024-06-07,51.2,14105,0.0282,25154.35,Paid
2024-06-08,53.2,14062,0.0243,21862.64,Paid
2024-06-09,50.3,13877,0.0282,25757.89,Paid
2024-06-10,51.2,13984,0.0195,17075.08,Organic
2024-06-11,48.3,13606,0.0194,18494.32,Organic
2024-06-12,53.7,13941,0.023,19847.47,Direct
2024-06-13,52.2,14216,0.026,18303.49,Organic
2024-06-14,49.3,13690,0.0222,19391.52,Direct
2024-06-15,56.6,13623,0.0296,18573.34,Organic
2024-06-16,54.7,15382,0.0305,31822.59,Direct
2024-06-17,52.7,14761,0.0282,23795.76,Organic
2024-06-18,52.2,14116,0.0321,30045.21,Paid
2024-06-19,49.8,13981,0.0266,28082.73,Organic
2024-06-20,50.3,13563,0.0202,15728.77,Organic
2024-06-21,53.7,15121,0.0316,35115.28,Organic
2024-06-22,55.2,15378,0.0241,22804.69,Organic
2024-06-23,55.2,14682,0.0302,35039.65,Organic
2024-06-24,50.8,14500,0.0315,28354.48,Paid
2024-06-25,53.2,14454,0.0278,23416.55,Paid
2024-06-26,57.1,14319,0.0212,21400.54,Paid
2024-06-27,50.8,13926,0.0216,18503.41,Paid
2024-06-28,53.2,14437,0.0313,26330.22,Paid
2024-06-29,60.1,15024,0.0273,25092.18,Organic
2024-06-30,57.6,14825,0.0276,26450.04,Paid
2024-07-01,54.7,14524,0.0294,32340.31,Organic
2024-07-02,52.2,14235,0.0285,20093.1,Direct
2024-07-03,55.2,14640,0.0277,26434.2,Organic
2024-07-04,54.2,14077,0.0254,25028.63,Organic
2024-07-05,56.6,14508,0.0257,24812.64,Paid
2024-07-06,61.0,14810,0.0317,35435.62,Organic
2024-07-07,64.5,16125,0.0316,32817.69,Direct
2024-07-08,56.6,13953,0.026,23044.96,Direct
2024-07-09,56.1,15198,0.0312,33068.5,Organic
2024-07-10,56.1,15291,0.0263,26459.48,Organic
2024-07-11,55.2,14498,0.0231,20722.75,Paid
2024-07-12,57.1,13813,0.0241,23012.63,Paid
2024-07-13,60.1,15061,0.0241,21698.27,Organic
2024-07-14,61.0,15298,0.0272,25012.35,Paid
2024-07-15,59.6,14743,0.0328,29389.5,Paid
2024-07-16,55.2,14413,0.0233,25463.62,Organic
2024-07-17,59.6,15759,0.0286,17682.09,Organic
2024-07-18,60.1,15472,0.0254,26788.0,Paid
2024-07-19,57.6,14543,0.0262,24871.2,Organic
2024-07-20,57.6,14274,0.0212,15600.4,Direct
2024-07-21,60.5,15134,0.0273,27879.01,Organic
2024-07-22,60.5,15179,0.0274,28616.74,Paid
2024-07-23,58.1,15170,0.0296,31305.22,Direct
2024-07-24,56.6,14581,0.0279,17812.32,Direct
2024-07-25,57.6,15117,0.0225,25826.64,Organic
2024-07-26,60.5,16039,0.0325,30805.92,Organic
2024-07-27,64.0,16002,0.03,33840.65,Paid
2024-07-28,62.5,15480,0.0295,32390.25,Organic
2024-07-29,58.6,14957,0.0275,23850.83,Organic
2024-07-30,58.6,14887,0.0255,26680.99,Direct
2024-07-31,57.6,15385,0.0282,26862.71,Organic
2024-08-01,63.0,15307,0.0308,22832.12,Organic
2024-08-02,59.1,15107,0.0207,23247.83,Organic
2024-08-03,66.4,15990,0.0278,26137.73,Paid
2024-08-04,66.9,15827,0.0291,26788.37,Paid
2024-08-05,62.5,14951,0.0298,27523.43,Organic
2024-08-06,59.6,15277,0.0326,33456.62,Organic
2024-08-07,61.5,15358,0.0254,25177.33,Organic
2024-08-08,60.5,15465,0.0262,28113.43,Paid
2024-08-09,59.1,14875,0.0257,20752.13,Organic
2024-08-10,65.4,16340,0.0264,25477.46,Direct
2024-08-11,62.5,15149,0.0274,26595.18,Organic
2024-08-12,63.5,16302,0.0321,41959.35,Direct
2024-08-13,60.5,14566,0.0239,22311.31,Organic
2024-08-14,62.0,15615,0.0303,34861.39,Paid
2024-08-15,62.0,15631,0.0218,22254.23,Organic
2024-08-16,61.0,15005,0.0261,23940.66,Organic
2024-08-17,66.9,16198,0.0288,29401.88,Direct
2024-08-18,64.9,16305,0.0362,37570.4,Direct
2024-08-19,63.5,14730,0.0279,28697.48,Organic
2024-08-20,59.6,15348,0.0191,22278.25,Paid
2024-08-21,62.5,14502,0.0208,20474.66,Paid
2024-08-22,65.9,15524,0.0299,34578.92,Direct
2024-08-23,60.5,15916,0.0306,27897.87,Organic
2024-08-24,64.9,15560,0.031,29753.39,Paid
2024-08-25,67.4,15617,0.0309,28570.56,Paid
2024-08-26,63.0,15479,0.0335,35009.96,Organic
2024-08-27,63.5,16444,0.0269,27482.07,Direct
2024-08-28,63.5,14884,0.0326,34371.99,Organic
2024-08-29,64.0,15255,0.0227,19929.59,Organic
2024-08-30,64.9,16392,0.0259,27742.08,Paid
2024-08-31,67.9,16888,0.0231,27500.95,Paid
2024-09-01,66.4,15928,0.0288,22237.94,Organic
2024-09-02,64.5,15239,0.0292,36476.27,Organic
2024-09-03,66.9,16866,0.0305,32271.59,Direct
2024-09-04,63.0,16196,0.0291,22999.47,Organic
2024-09-05,61.5,15654,0.0247,25621.52,Paid
2024-09-06,65.4,15527,0.0289,29287.53,Paid
2024-09-07,67.4,16067,0.0242,25018.65,Organic
2024-09-08,63.5,15553,0.0345,39132.42,Direct
2024-09-09,65.4,15984,0.0284,32220.86,Paid
2024-09-10,63.0,16139,0.0269,29253.6,Paid
2024-09-11,64.0,16027,0.0355,39031.26,Paid
2024-09-12,64.5,15303,0.0244,23958.82,Paid
2024-09-13,64.5,16285,0.0248,31987.93,Paid
2024-09-14,69.3,16446,0.0264,23083.5,Direct
2024-09-15,67.4,16361,0.0299,32344.14,Organic
2024-09-16,65.4,16438,0.0314,33818.46,Organic
2024-09-17,64.0,15231,0.0321,34960.48,Organic
2024-09-18,65.9,15896,0.0401,37129.74,Organic
2024-09-19,65.9,15698,0.0208,16668.97,Organic
2024-09-20,63.0,14931,0.0313,30963.44,Direct
2024-09-21,70.8,16636,0.029,32444.28,Paid
2024-09-22,67.9,17150,0.028,36935.45,Paid
2024-09-23,66.9,15292,0.0276,23144.5,Paid
2024-09-24,65.9,15897,0.0261,30802.03,Direct
2024-09-25,68.9,16519,0.0374,51858.6,Paid
2024-09-26,64.9,15842,0.0329,32302.98,Direct
2024-09-27,64.9,15748,0.0296,25485.07,Organic
2024-09-28,69.3,15802,0.0362,35319.69,Direct
2024-09-29,68.9,16356,0.0246,26198.32,Paid
2024-09-30,67.4,15784,0.0249,27319.05,Organic
2024-10-01,63.0,14682,0.0202,17874.32,Paid
2024-10-02,64.0,16153,0.0264,33024.13,Paid
2024-10-03,64.0,16059,0.0298,26839.33,Organic
2024-10-04,68.4,16225,0.0309,25612.27,Paid
2024-10-05,73.8,16941,0.0327,40912.78,Organic
2024-10-06,70.3,16868,0.0255,20131.58,Organic
2024-10-07,66.4,16059,0.0331,33682.89,Direct
2024-10-08,66.9,16389,0.031,45695.56,Paid
2024-10-09,69.3,16202,0.0337,35437.87,Direct
2024-10-10,65.4,16376,0.0221,20279.19,Paid
2024-10-11,67.9,16273,0.0316,33188.62,Organic
2024-10-12,73.3,16868,0.0272,29636.16,Paid
2024-10-13,72.8,16224,0.0302,32477.41,Paid
2024-10-14,68.4,16319,0.0326,37398.55,Direct
2024-10-15,69.8,16047,0.0313,28472.3,Organic
2024-10-16,63.0,15303,0.0255,30632.93,Direct
2024-10-17,69.8,16054,0.031,33324.71,Direct
2024-10-18,67.4,15660,0.0241,26725.76,Paid
2024-10-19,68.9,17112,0.0353,36228.0,Direct
2024-10-20,73.8,17382,0.0313,40962.6,Organic
2024-10-21,71.8,17383,0.036,39389.34,Direct
2024-10-22,68.9,15773,0.0286,30323.66,Paid
2024-10-23,71.3,16585,0.0293,27958.66,Organic
2024-10-24,72.8,16215,0.0288,26630.01,Direct
2024-10-25,72.3,16395,0.0352,40689.09,Paid
2024-10-26,77.2,16893,0.0303,31454.25,Paid
2024-10-27,75.7,17580,0.0353,36098.43,Paid
2024-10-28,70.3,16280,0.0296,28843.18,Organic
2024-10-29,67.4,16514,0.0223,25996.23,Paid
2024-10-30,70.3,16680,0.0288,28807.52,Direct
2024-10-31,69.3,17243,0.0261,28829.15,Organic
2024-11-01,75.2,16434,0.0327,34995.07,Organic
2024-11-02,74.7,17471,0.0277,24033.38,Organic
2024-11-03,75.7,17543,0.0364,33991.46,Organic
2024-11-04,72.8,16343,0.0315,34847.23,Paid
2024-11-05,72.3,17076,0.031,31286.93,Paid
2024-11-06,75.7,17219,0.0353,44647.47,Direct
2024-11-07,71.3,16465,0.0352,42154.56,Paid
2024-11-08,72.8,16403,0.0318,36906.04,Organic
2024-11-09,75.2,16738,0.0295,39283.52,Direct
2024-11-10,74.2,17728,0.0252,28741.51,Paid
2024-11-11,72.3,16674,0.0289,33823.57,Paid
2024-11-12,73.3,17104,0.0295,30437.96,Paid
2024-11-13,72.8,16416,0.0323,44868.09,Direct
2024-11-14,72.8,16420,0.0305,40500.04,Paid
2024-11-15,71.3,16989,0.0341,37711.18,Organic
2024-11-16,78.2,16838,0.031,35542.89,Paid
2024-11-17,75.7,16918,0.0325,41718.39,Organic
2024-11-18,76.2,17157,0.0376,41172.35,Organic
2024-11-19,75.2,17070,0.0339,34573.98,Organic
2024-11-20,72.3,16602,0.0314,37529.59,Organic
2024-11-21,74.7,17125,0.03,33716.14,Organic
2024-11-22,74.2,17185,0.0297,33922.84,Organic
2024-11-23,80.1,17906,0.0306,31958.1,Paid
2024-11-24,82.6,17512,0.0326,29263.1,Direct
2024-11-25,72.3,16560,0.0347,38436.64,Direct
2024-11-26,76.7,17680,0.0321,40998.05,Organic
2024-11-27,76.2,17501,0.0275,30413.63,Paid
2024-11-28,78.2,16829,0.0405,52134.61,Direct
2024-11-29,77.2,17401,0.0344,35537.75,Organic
2024-11-30,79.6,16763,0.0283,26832.78,Paid
2024-12-01,80.6,17690,0.0324,36946.87,Paid
2024-12-02,75.7,17843,0.0332,38113.78,Organic
2024-12-03,79.6,17175,0.0407,49742.27,Direct
2024-12-04,77.7,16985,0.0289,28863.1,Direct
2024-12-05,81.6,18094,0.0384,52767.14,Organic
2024-12-06,77.7,16702,0.0389,52454.38,Organic
2024-12-07,80.6,17418,0.0317,35716.88,Organic
2024-12-08,79.1,17734,0.0326,43358.29,Organic
2024-12-09,74.7,16713,0.0283,26745.97,Paid
2024-12-10,75.2,16931,0.0318,39627.62,Paid
2024-12-11,79.1,17793,0.0336,43868.78,Organic
2024-12-12,79.6,17722,0.0365,46513.58,Direct
2024-12-13,75.7,17191,0.0371,41376.69,Organic
2024-12-14,84.5,18005,0.0324,24131.36,Organic
2024-12-15,82.1,17995,0.0268,28871.42,Organic
2024-12-16,79.6,17504,0.0338,35493.78,Paid
2024-12-17,82.6,18089,0.0359,37128.49,Organic
2024-12-18,81.1,17531,0.0353,40830.07,Organic
2024-12-19,78.6,17363,0.0323,34573.9,Organic
2024-12-20,77.7,16923,0.0338,33406.42,Direct
2024-12-21,79.1,17481,0.0398,39330.12,Direct
2024-12-22,82.1,17523,0.0361,37496.76,Organic
2024-12-23,79.1,17050,0.0322,40611.36,Organic
2024-12-24,77.7,17423,0.0313,32563.23,Paid
2024-12-25,79.1,17580,0.0331,35426.24,Paid
2024-12-26,79.6,17867,0.0404,44281.49,Organic
2024-12-27,79.1,17323,0.033,38708.14,Direct
2024-12-28,82.1,18011,0.0345,42657.7,Paid
2024-12-29,84.0,18302,0.0333,24769.99,Paid
2024-12-30,80.6,17849,0.0386,50414.16,Paid
2024-12-31,77.2,16930,0.041,53094.66,Direct
